word,var0_embeddings,var1_embeddings,var2_embeddings,var3_embeddings
<pad>,0,11,20,13
<unk>,1,10,2,22
<s>,23,24,0,1
</s>,23,12,3,1
?,0,0,9,3
the,4,18,15,16
What,22,1,6,19
is,6,14,7,7
of,11,9,1,1
in,18,18,16,9
a,11,12,6,24
``,22,19,1,19
How,7,21,7,7
's,20,9,14,15
was,20,23,11,0
to,22,7,22,19
Who,21,17,14,8
",",23,3,16,19
for,11,16,15,21
are,6,21,9,7
and,22,14,7,10
did,6,6,5,7
does,12,12,24,12
many,20,13,24,13
do,22,1,7,1
on,9,7,17,3
Where,9,7,19,23
name,19,19,15,0
I,23,1,7,5
first,15,4,10,15
can,3,5,22,16
you,22,12,1,7
The,16,9,10,0
from,3,5,3,7
When,20,13,18,13
.,22,12,3,21
country,9,7,4,9
U.S.,18,10,8,15
by,19,23,15,17
what,15,7,20,14
that,15,21,2,17
most,15,9,16,15
have,6,24,21,16
with,15,23,15,0
an,12,14,7,1
has,10,23,2,15
as,17,4,15,18
world,10,2,17,9
Which,19,23,15,17
Why,7,5,7,5
city,9,7,4,23
there,7,0,11,12
Name,19,4,15,17
it,6,14,5,20
be,20,21,17,7
find,4,5,22,3
were,10,23,6,2
people,13,21,21,5
get,3,5,1,5
at,16,6,12,17
called,15,4,16,17
his,0,19,17,0
state,9,7,20,9
year,20,13,24,13
largest,4,18,19,15
American,13,9,11,20
mean,7,22,24,5
two,10,10,17,15
made,19,6,12,0
fear,15,6,15,17
In,2,15,18,20
between,5,21,7,7
long,20,13,10,13
its,15,4,15,15
when,12,5,7,5
much,20,8,18,13
',12,5,9,21
used,14,18,12,24
:,21,19,23,8
origin,7,5,7,7
movie,15,11,12,21
who,19,17,15,0
word,22,12,0,6
about,22,5,7,5
film,15,12,12,24
famous,17,19,14,8
company,8,17,14,8
kind,15,12,15,6
TV,19,8,15,0
known,15,23,16,17
make,12,0,6,11
best,19,23,15,17
take,6,2,10,13
New,16,16,19,15
President,8,17,11,8
one,10,15,15,15
your,11,14,6,6
World,10,18,16,15
book,15,6,12,17
stand,8,16,13,21
he,21,10,1,10
invented,17,17,14,8
only,22,10,2,17
John,22,12,12,2
War,3,5,8,5
live,9,2,10,9
or,22,18,15,21
play,19,11,15,17
up,11,23,3,3
color,15,12,1,6
out,7,12,0,7
their,23,7,9,18
all,15,18,20,2
which,15,18,2,14
game,24,15,11,16
into,10,4,16,15
come,7,1,7,7
not,21,19,15,0
term,11,12,1,24
last,13,8,13,8
home,9,2,10,23
call,15,18,2,14
wrote,21,17,23,8
time,20,8,21,12
America,18,10,10,9
character,21,17,14,8
team,8,17,13,8
`,12,22,6,5
president,21,17,11,8
named,19,19,15,15
had,13,8,8,0
won,0,17,13,0
countries,9,2,10,9
difference,7,22,7,7
number,20,21,24,13
use,15,18,20,24
played,17,9,23,0
born,13,0,10,16
died,13,8,10,18
man,8,23,15,15
been,20,0,11,7
said,21,10,15,0
South,9,10,17,15
after,20,23,11,13
highest,10,7,20,9
novel,15,6,16,6
baseball,0,16,23,8
dog,11,20,2,14
if,6,12,9,20
information,4,2,21,16
show,15,11,1,21
day,20,20,24,13
song,14,12,20,17
would,3,19,11,13
years,13,8,10,13
capital,9,7,4,23
some,22,3,1,22
English,22,11,12,17
my,22,22,0,5
names,21,17,3,10
drink,15,12,12,6
become,11,21,6,24
group,16,17,8,0
go,4,2,21,23
actress,21,17,13,8
actor,21,17,13,0
United,18,16,10,23
1,0,0,4,21
work,5,22,0,1
how,7,14,7,7
average,13,8,24,13
say,3,12,6,6
will,6,21,6,7
common,19,9,1,17
than,13,0,20,3
war,11,12,12,24
body,3,7,6,2
top,10,15,8,9
sport,15,18,15,6
King,16,17,17,15
located,9,7,19,23
water,5,5,7,7
star,16,17,17,23
different,6,12,6,24
animal,15,12,1,6
die,6,0,24,7
computer,22,12,14,21
food,19,23,1,21
old,20,13,13,13
't,2,12,0,1
woman,13,17,14,0
during,19,8,14,18
States,18,5,4,23
three,14,15,17,14
population,20,2,18,13
more,22,18,2,15
money,20,13,11,12
York,0,17,21,19
like,22,14,0,1
over,10,10,12,13
killed,19,23,14,18
leader,17,17,13,8
part,3,9,2,15
college,8,19,21,8
California,9,7,19,16
title,17,23,2,17
through,4,7,22,8
longest,10,7,20,16
portrayed,21,17,13,8
makes,12,19,6,1
car,22,12,1,7
should,7,0,21,12
address,4,7,4,23
Internet,9,5,22,23
each,13,8,5,12
river,9,7,19,9
they,7,0,7,7
Charles,19,9,11,15
school,0,22,21,11
history,5,22,7,7
Randy,8,8,11,8
Craft,13,24,13,8
four,15,6,12,17
meaning,7,0,7,5
Day,6,24,7,3
mountain,9,2,20,9
write,3,12,5,17
system,3,21,20,21
French,15,11,1,0
black,24,12,1,12
became,16,19,17,8
popular,15,23,2,21
times,10,21,20,12
date,20,13,18,13
cost,20,2,11,13
A,3,5,22,1
power,8,14,21,7
North,3,10,2,23
major,0,23,23,8
built,10,2,10,7
National,13,16,19,23
created,19,17,14,0
person,21,19,11,8
new,11,12,16,21
features,15,7,2,2
West,22,4,1,19
James,24,11,14,0
good,15,23,15,10
comic,19,11,15,17
contains,2,7,2,2
causes,7,5,7,7
someone,22,12,7,1
form,19,1,0,19
feet,4,14,24,12
colors,19,12,1,24
London,10,10,19,9
&,23,21,21,5
island,9,7,4,9
children,20,14,11,24
begin,20,2,18,13
language,15,1,12,21
me,22,11,7,10
space,15,4,15,18
miles,10,2,10,13
Great,4,10,20,3
George,15,7,2,14
found,10,10,2,15
air,24,2,13,12
so,22,22,0,1
letters,14,12,1,21
way,14,15,1,14
following,21,19,14,8
British,15,17,17,10
place,9,7,4,16
five,15,23,8,15
II,22,11,16,16
television,20,1,8,15
Japanese,16,10,3,15
rate,20,24,21,13
area,9,0,7,7
eat,15,18,12,6
England,10,9,10,9
Earth,10,2,18,13
product,15,20,16,24
Kennedy,15,3,19,2
Russian,15,10,15,15
5,1,6,18,24
her,19,23,14,0
office,7,3,1,7
lawyer,21,19,13,8
nickname,17,17,8,8
soft,15,12,1,6
type,15,12,12,6
abbreviation,8,16,14,21
US,18,19,22,15
William,19,10,15,15
line,15,1,20,2
definition,7,5,7,7
real,8,8,21,8
second,22,15,12,14
San,22,5,22,16
words,7,12,7,7
cities,9,7,4,23
member,8,8,8,8
biggest,10,15,20,15
blood,11,12,0,11
business,8,17,13,8
Washington,16,9,1,9
Spanish,15,10,2,15
Nixon,8,24,10,8
letter,15,12,1,14
life,13,8,11,13
tree,11,11,14,15
female,8,17,23,22
NN,21,9,14,21
happened,12,22,7,5
Germany,13,14,24,12
know,22,22,7,5
Hitler,18,2,20,16
Whose,17,17,13,8
Park,9,16,4,23
boasts,10,2,10,23
2,10,15,13,13
St.,10,10,23,16
runs,10,8,8,15
married,13,6,11,8
player,0,8,8,0
newspaper,22,15,15,2
European,3,7,22,23
moon,7,24,24,11
prime,8,17,21,8
minister,8,17,14,8
Mississippi,10,2,18,13
River,9,2,10,9
human,24,13,24,24
held,22,19,22,22
Christmas,5,0,7,12
seven,20,14,15,18
CNN,13,8,18,12
Greek,22,23,3,22
On,10,15,10,13
birth,20,20,11,13
death,24,14,24,24
$,22,18,20,18
served,16,16,10,15
chemical,24,20,6,24
animals,15,12,1,6
age,20,2,11,12
far,20,8,10,13
main,3,20,12,24
before,2,1,1,24
Bowl,16,10,2,15
sea,9,7,20,9
claim,6,5,7,5
Queen,10,9,10,15
Indians,22,7,15,17
father,21,17,14,8
code,12,21,5,7
cartoon,17,17,8,15
singer,8,17,13,0
music,0,3,0,19
states,9,2,10,3
Indian,3,17,8,17
Pope,16,8,23,15
series,15,12,1,17
My,7,22,7,5
love,22,12,1,17
oldest,9,10,10,9
horse,19,15,16,6
Little,10,23,8,18
Sea,22,23,22,18
sports,19,11,15,18
tell,22,22,7,5
International,18,16,19,8
no,22,23,1,11
store,21,10,8,15
original,8,10,13,8
shot,16,19,4,0
cards,11,18,12,15
football,1,17,23,8
see,10,7,19,15
Airport,4,7,4,23
Africa,18,10,19,15
Big,19,15,6,3
center,4,7,4,23
battle,19,1,1,18
Super,19,23,15,21
fought,4,6,23,14
dubbed,18,18,12,15
Canada,23,18,4,7
record,13,8,8,8
Japan,16,23,14,15
ever,22,23,1,17
10,13,0,11,15
being,22,23,16,17
singing,19,11,15,17
baby,0,0,0,11
started,22,11,6,0
disease,15,12,1,17
Olympic,12,11,6,7
where,2,15,20,15
F.,22,15,3,19
comedian,21,17,13,8
ship,11,20,15,6
department,21,10,17,8
women,8,0,7,8
red,22,12,1,24
never,21,8,13,17
musical,15,6,20,19
soldiers,7,2,21,7
hit,9,23,17,23
Steven,19,9,13,18
list,3,5,22,7
Europe,15,15,2,13
gold,19,9,15,15
another,1,12,1,24
3,1,11,1,19
City,10,15,19,23
lives,10,17,15,9
Old,15,20,12,6
board,2,14,9,12
men,15,2,12,15
flag,15,15,20,2
earth,10,5,1,16
tuberculosis,20,24,24,20
need,7,21,1,6
law,6,0,11,7
Soviet,8,17,14,8
appear,22,17,2,10
House,10,23,8,15
University,24,15,18,15
Dick,13,8,11,8
Latin,14,1,19,19
size,9,7,18,13
travel,6,21,24,16
them,0,19,21,0
beer,19,12,0,14
income,20,21,24,7
once,4,16,19,15
big,20,13,24,13
win,19,11,15,0
Berlin,13,2,20,16
famed,9,2,4,15
Asian,16,2,4,9
Bridge,2,15,16,15
China,10,15,18,4
around,17,9,1,24
Los,6,14,20,16
tax,6,21,24,7
founded,8,23,13,8
building,4,2,19,3
symbol,11,1,1,24
we,4,0,24,7
ice,6,21,9,7
May,21,10,19,22
fame,7,0,24,7
starred,0,8,23,0
introduced,11,12,16,16
high,20,8,24,11
art,13,13,10,16
fast,20,24,13,12
greatest,15,23,15,18
stop,12,22,7,7
down,0,22,3,5
because,4,10,8,15
Tom,16,4,15,17
Marvel,19,23,15,17
look,22,22,7,7
Peter,17,9,15,17
species,11,21,9,24
hole,7,0,24,7
end,15,15,16,16
worth,20,8,11,20
hair,19,12,1,24
fastest,17,18,16,17
role,17,17,13,17
African,10,5,19,15
Jaws,24,13,13,24
girl,13,17,13,8
Jackson,10,10,10,15
under,2,15,20,6
games,10,10,2,15
Shea,7,0,7,7
Gould,12,0,7,7
White,0,17,13,23
general,8,19,13,8
Islands,3,7,4,23
director,21,17,15,8
wine,19,12,1,0
whom,21,17,23,8
birds,14,12,1,6
1984,16,16,17,22
percentage,20,13,24,20
king,21,17,21,8
Thatcher,13,13,10,15
card,11,18,15,21
Jack,10,23,15,4
Kentucky,10,7,20,15
ball,2,15,1,24
Texas,18,10,10,15
often,15,15,16,24
Prize,0,17,11,8
Bible,13,21,11,13
Mount,9,2,10,13
thing,19,23,15,17
magazine,15,6,12,24
head,19,23,0,0
male,20,20,18,12
build,4,10,4,3
claimed,8,19,14,0
website,4,7,19,23
eyes,11,6,1,24
but,21,23,1,17
characters,16,17,15,8
Chinese,22,9,22,1
originate,9,7,20,9
watch,13,2,11,12
million,22,5,20,15
products,24,21,15,24
every,4,2,12,12
full,4,19,8,3
back,2,23,0,3
Sioux,15,12,16,6
sometimes,3,19,4,23
produced,13,22,14,21
produce,11,1,16,6
tennis,2,18,20,17
middle,8,16,15,1
inside,6,14,6,24
Richard,21,16,4,15
El,24,17,13,16
favorite,15,12,16,17
story,22,12,12,17
buried,8,10,17,0
Australia,22,1,12,20
instrument,15,6,12,6
Bill,18,15,10,15
web,9,7,22,3
Monopoly,24,8,12,21
plant,11,20,7,12
caused,7,5,0,7
got,4,7,21,23
-,2,18,1,14
balls,22,3,1,24
run,24,8,23,13
Union,18,17,8,15
Horse,9,10,19,9
former,17,19,8,0
plays,19,6,0,6
basketball,8,10,8,8
allowed,6,14,7,5
producer,19,10,8,8
Show,17,11,15,8
Americans,24,20,18,24
child,20,8,11,15
Olympics,9,16,10,23
months,13,0,24,3
strip,0,9,14,17
Star,0,17,21,10
face,15,18,20,15
assassinated,21,10,10,16
featured,15,1,12,24
saw,11,1,6,2
ocean,4,10,20,9
formed,22,14,6,1
Oscar,19,9,15,18
university,8,19,14,8
Angeles,6,0,24,7
other,15,18,1,17
start,6,21,6,7
us,11,18,6,19
cold,2,12,1,24
stars,0,9,13,7
cigarette,12,0,6,7
while,15,8,23,3
organization,8,19,11,8
Prince,10,9,20,3
nuclear,7,14,7,5
point,5,5,4,5
Alaska,18,24,18,8
India,8,17,17,19
sign,15,12,6,17
German,22,19,17,3
6,16,20,17,3
believe,6,14,6,7
players,8,8,21,8
alphabet,15,6,12,24
awarded,13,9,11,9
league,8,17,11,0
considered,22,23,1,21
11,16,10,17,14
cowboy,17,11,15,0
golf,6,1,20,24
tallest,9,7,4,13
companies,18,23,17,18
reason,7,22,7,5
schools,0,19,21,8
century,20,13,5,13
mile,10,2,11,3
milk,2,18,12,15
machines,14,12,1,21
richest,8,16,15,9
without,22,23,11,0
son,21,17,13,8
titled,17,17,14,8
celebrated,15,15,12,17
bridge,15,18,20,2
planet,9,2,19,9
eggs,11,0,18,24
Ray,2,12,2,14
came,24,11,10,12
Law,11,6,15,17
told,19,9,23,0
setting,20,2,21,20
continent,9,7,22,9
based,18,10,2,15
rock,19,10,19,17
band,8,17,14,0
languages,15,6,12,18
presidents,8,17,14,8
written,15,1,1,3
wear,19,11,1,0
1963,24,23,14,1
nationality,9,7,19,23
great,15,23,15,17
paper,19,21,8,17
week,6,20,18,24
radio,17,23,21,15
Miss,16,16,13,9
types,15,12,12,24
Wars,19,12,1,22
Columbia,20,24,10,16
element,22,1,1,19
students,22,5,7,16
family,24,11,15,21
France,11,6,2,17
medical,6,20,7,11
State,5,7,7,5
1899,14,12,1,24
Chicago,0,22,2,19
NNP,9,19,16,17
Night,10,16,13,16
now,8,16,10,23
could,4,8,21,15
Vatican,11,14,21,8
six,19,8,3,17
follow,24,20,18,24
career,18,17,21,8
fly,13,23,13,11
followed,19,23,14,0
O,13,2,18,13
lake,9,7,19,15
Vietnam,7,14,7,7
put,22,11,1,6
living,17,17,17,10
boy,8,11,14,8
books,15,17,12,17
month,20,13,24,13
opera,8,10,21,15
numbers,20,0,9,12
fire,13,9,10,0
Roman,22,6,1,11
she,8,19,11,15
set,15,12,5,24
commercial,2,15,12,2
Ireland,20,15,10,4
Red,19,23,1,14
own,7,14,24,13
Wall,24,2,11,24
cover,19,23,15,0
elected,8,17,21,8
himself,19,8,23,0
serve,22,10,4,23
affect,5,12,0,5
flight,0,11,15,11
USA,10,21,8,12
Man,3,5,22,5
Vegas,2,5,20,16
gas,7,21,6,7
AIDS,22,12,1,21
field,22,19,7,19
grow,15,18,15,17
winter,24,21,24,24
file,3,1,3,24
points,10,8,13,13
program,19,15,1,17
square,18,10,22,3
contain,22,18,2,17
Simpsons,13,8,18,13
Franklin,19,23,1,18
Roosevelt,6,12,7,24
1983,24,8,13,4
historical,14,23,2,24
leading,10,19,19,23
Spumante,19,19,11,10
having,20,8,11,13
hand,10,15,15,0
sound,22,5,4,10
Games,10,11,13,8
sleep,7,20,23,24
General,6,1,9,3
making,8,17,4,8
going,24,17,23,18
Kid,19,11,8,17
Brown,0,10,8,23
poet,17,17,13,0
Lakes,3,5,22,9
painted,17,17,14,0
Mother,18,16,14,10
comics,0,10,9,0
left,11,11,11,24
right,19,4,16,0
From,22,1,1,19
Mrs.,21,11,13,4
mother,8,9,23,15
8,7,0,9,7
Black,7,0,22,20
bone,7,1,0,19
blue,0,12,0,20
Jane,0,22,9,7
cancer,19,12,6,17
light,12,5,6,3
Jude,22,6,15,14
minimum,24,8,24,20
wage,20,14,18,20
amount,7,14,24,4
Jimmy,19,23,15,17
cars,22,22,17,22
brain,7,13,5,24
lived,9,2,10,15
near,9,10,4,23
Thomas,10,15,10,2
government,10,10,15,17
Spielberg,11,20,12,18
occur,3,1,5,24
pop,0,23,0,11
buy,23,2,20,3
also,19,23,16,17
eye,1,9,15,18
7,15,6,2,24
DC,22,23,1,19
films,24,23,15,12
God,0,10,21,8
15,24,6,1,24
ways,15,12,15,24
diamond,8,17,11,0
working,4,18,20,2
town,9,7,19,9
rule,18,7,4,5
NFL,19,9,23,15
close,22,22,1,1
visit,18,7,19,3
author,17,17,13,8
represented,19,10,15,0
design,22,0,0,19
turned,24,23,23,0
Massachusetts,8,2,11,3
Charlie,0,17,21,10
Tokyo,16,13,11,8
border,4,7,18,3
bowling,13,0,21,7
birthday,13,13,11,13
large,10,2,20,20
0,22,11,2,18
Mary,11,6,1,19
remove,6,12,1,24
read,15,7,16,2
Caribbean,10,10,2,15
ten,0,17,2,15
spoken,15,6,20,18
East,10,7,22,2
Florida,18,15,10,16
paint,18,8,21,20
contact,22,14,22,7
Maurizio,10,2,10,16
Pellegrin,9,2,10,13
treat,15,20,12,14
desert,10,7,19,16
gave,16,10,23,17
seen,17,17,14,0
Christian,8,19,14,8
tall,20,13,10,13
members,13,14,11,13
medicine,1,6,1,17
Muppets,17,17,13,8
VHS,1,1,12,21
equal,20,8,24,24
video,1,10,8,21
Island,0,24,22,15
Italian,15,16,10,15
Street,10,10,10,16
Mexico,4,10,19,18
hands,6,20,6,24
friend,21,19,11,8
successful,12,22,4,8
artist,8,17,13,13
album,15,6,12,12
same,20,24,13,8
submarine,14,12,1,2
events,15,1,12,24
Watergate,8,22,4,22
given,19,9,15,0
Michael,8,17,13,8
weight,20,20,24,24
telephone,9,2,7,7
phone,7,2,24,12
went,8,19,21,8
Henry,16,10,14,15
Bond,21,9,23,12
paid,6,21,7,20
Madonna,19,9,14,21
wife,22,9,15,18
Mr.,19,11,13,10
early,0,23,9,1
Korea,20,13,24,13
Nobel,18,0,11,1
sex,3,1,1,6
Battle,16,10,8,8
white,22,1,0,0
painting,24,15,20,2
13,13,0,18,3
Security,8,19,13,8
current,13,8,13,8
test,6,12,1,7
kept,22,23,1,0
Golden,11,20,7,24
cereal,15,12,12,14
Rocky,5,5,22,5
rivers,9,7,4,15
along,10,7,20,16
clouds,11,12,1,24
still,20,21,5,24
energy,7,23,7,1
Italy,2,15,19,2
Castle,9,5,22,9
Shakespeare,13,8,10,4
weapon,11,18,16,24
score,20,8,21,13
elephant,6,13,24,24
drug,2,20,16,24
inspired,14,1,12,24
sold,11,8,12,4
Answers.com,22,5,22,1
Ben,17,17,15,17
composer,17,8,14,22
D.,13,0,11,8
March,11,21,6,6
bill,23,5,22,3
lyrics,23,10,21,23
pregnancy,10,24,24,24
commonly,15,1,1,17
ages,20,2,24,24
eleven,20,2,11,20
developed,20,23,17,4
Mercury,8,10,13,18
Diego,22,22,7,1
dead,21,17,13,0
Kuwait,24,20,6,24
control,10,23,6,12
oceans,4,5,18,9
chapter,13,24,24,13
Jewish,15,6,12,17
humans,15,23,2,24
police,21,17,14,8
Kevin,2,12,15,14
Costner,11,20,12,2
oil,23,5,1,19
corpus,3,3,2,2
murder,13,20,12,16
dollar,7,14,24,20
degrees,7,2,18,13
cross,14,7,2,23
27,10,10,2,15
price,13,20,24,20
e-mail,4,7,22,23
leave,7,14,0,16
little,19,12,3,0
Justice,22,22,9,23
Goodall,0,22,4,1
reach,9,8,18,3
claims,18,19,2,8
Colin,12,22,24,5
Powell,0,22,7,5
Martin,13,9,15,3
Luther,13,20,10,18
theme,19,17,15,21
1967,24,1,23,2
animated,0,17,13,8
Hollywood,19,11,1,19
airplane,19,11,20,6
beach,20,2,21,13
ads,22,11,15,12
electric,22,23,7,1
effect,7,5,0,5
headquarters,4,7,19,16
Aaron,19,11,14,10
function,7,22,7,7
clean,7,21,1,7
hockey,13,8,21,8
Republic,18,16,19,3
convicted,20,2,5,16
1998,10,15,22,16
1994,16,10,13,15
court,18,10,22,13
correct,14,7,1,3
Microsoft,4,7,2,10
queen,10,9,23,8
host,21,17,4,8
1969,13,13,13,20
elements,15,15,2,24
glass,10,20,12,24
cream,11,20,1,24
received,13,17,2,0
Rogers,19,23,23,0
Senate,8,22,11,19
pitcher,17,0,11,10
12,12,21,6,7
days,22,19,7,5
nine,1,3,6,17
To,22,11,2,8
Civil,8,10,15,8
directed,21,17,23,8
Reims,16,7,10,23
Seven,0,19,14,17
Rascals,15,11,12,14
Britain,10,16,10,9
email,23,19,4,23
army,16,17,14,8
Titanic,1,14,22,23
page,23,7,22,23
fish,11,12,20,14
transplant,0,0,7,7
Space,21,9,1,18
Mutombo,8,19,21,15
create,19,8,8,8
Bureau,21,12,18,23
Investigation,21,16,13,4
itself,19,10,2,0
season,13,2,11,13
give,22,22,1,0
race,14,18,20,14
Four,21,17,17,17
caliente,6,12,5,24
kids,22,12,20,24
literary,15,1,3,19
sun,3,5,1,7
Mozambique,9,7,4,9
expression,7,12,7,7
bottle,12,24,7,20
McCarren,9,2,4,15
comes,15,18,17,15
Louis,11,1,23,21
perfect,6,21,21,7
operating,19,12,1,6
stock,13,16,13,24
Captain,13,24,11,8
questions,7,14,21,3
Johnny,19,1,12,17
trial,12,21,7,11
took,22,11,1,17
substance,19,18,12,14
taste,7,12,1,24
n't,23,22,22,23
produces,10,15,2,9
temperature,20,24,13,16
salary,20,2,21,12
online,5,7,22,23
invent,19,18,16,6
appearance,22,1,1,24
inches,12,8,18,24
reign,10,7,16,13
chicken,11,0,1,14
help,11,1,7,14
religion,22,23,7,18
astronauts,17,10,1,2
Ruth,13,17,8,15
daily,6,20,24,20
using,6,21,7,7
off,22,23,22,12
twins,20,2,21,13
qigong,5,1,0,1
then,22,22,7,1
Peachy,10,2,23,13
Oat,24,13,23,14
Muffins,6,6,18,12
bee,0,22,0,8
least,10,15,20,3
brand,15,9,15,17
try,19,1,13,0
appeared,16,23,15,0
southern,9,2,10,23
creature,11,12,1,6
heart,24,0,15,9
lose,19,23,15,17
D.C.,8,9,4,23
universe,12,24,11,16
complete,5,21,7,7
If,17,23,8,8
adult,24,20,23,24
must,3,2,6,16
magic,11,18,12,1
discovered,15,23,2,17
chocolate,15,7,1,19
always,22,19,17,5
occupation,8,17,14,8
county,4,10,4,9
green,6,16,6,7
ago,13,0,10,13
site,4,2,10,3
mayor,21,10,8,8
snow,5,14,6,7
asked,21,17,13,8
hero,16,11,15,0
Arthur,22,11,10,17
Bear,19,7,19,14
Pennsylvania,18,16,21,9
advertise,21,17,23,8
Las,6,24,7,16
1980,14,15,19,19
Boxing,20,8,10,13
de,9,2,4,20
Nicholas,8,19,14,15
Desmond,13,17,13,10
Atlantic,9,13,2,23
Lee,22,0,9,0
Russia,13,0,18,13
Baby,12,0,7,5
powerful,4,22,22,10
patent,24,12,6,24
this,11,21,24,24
golfer,18,8,13,8
may,12,14,7,11
dealt,24,14,12,18
takes,12,20,5,20
example,3,23,0,17
1960,22,1,12,2
source,3,15,6,7
2000,20,2,11,20
Gate,6,20,12,7
brought,11,23,0,11
calories,20,15,12,7
boxing,0,0,0,1
Carolina,6,14,7,5
swimming,24,2,11,24
Pacific,9,5,22,5
standard,4,20,20,12
Mountain,10,19,22,15
lowest,1,7,20,14
Mark,10,2,20,23
Johnson,6,20,6,24
against,22,7,22,3
Hearst,18,22,17,8
chairman,19,22,11,8
tiger,2,1,16,24
sells,13,17,8,8
walk,0,10,13,0
Alley,19,9,15,9
College,10,7,18,15
starring,15,11,16,14
Francisco,24,7,20,15
editor,8,17,3,23
Santa,9,10,19,23
lost,11,15,16,24
potlatch,17,22,14,22
rights,11,7,19,19
speed,7,2,13,20
Victoria,10,20,11,20
Romans,23,10,2,15
Define,5,5,0,1
growing,15,15,19,15
bear,11,12,1,17
nature,22,1,7,1
purpose,7,5,7,7
secret,17,10,22,10
sister,19,23,15,0
hydrogen,7,22,7,7
stole,8,19,14,0
cork,19,4,13,0
done,22,5,7,5
bug,11,12,5,12
Stuart,11,20,12,24
Hamblen,19,12,1,17
Grand,19,11,19,15
1940,10,6,2,16
poem,5,22,7,1
Ford,3,5,19,23
Radio,8,17,14,8
apples,7,12,7,7
party,8,16,13,8
Mexican,8,19,21,23
troops,24,15,1,17
publish,19,20,19,6
salt,7,0,7,7
whose,19,9,14,0
silly,17,11,23,0
putty,21,16,3,0
drive,9,5,4,7
County,8,19,11,8
cocaine,20,17,13,8
battery,13,8,21,23
August,24,6,12,12
Popeye,15,11,15,21
covers,4,7,22,16
meant,22,0,7,7
Company,13,22,4,8
side,6,1,1,21
originally,22,7,1,19
Here,22,11,2,17
Eternity,19,17,16,19
February,15,6,1,6
16th,11,6,12,17
equivalent,20,8,24,20
pounds,13,14,24,24
planted,20,13,11,24
per,18,16,20,3
free,5,5,7,5
prevent,22,12,0,19
road,1,22,4,1
matter,13,14,13,13
weigh,20,2,18,13
outside,6,13,5,7
1972,13,17,13,8
Asia,2,23,15,17
night,1,14,1,6
spent,13,8,11,3
church,11,12,9,21
acted,15,11,1,14
sing,0,12,0,11
Canadian,11,21,20,7
coach,17,16,11,0
1942,24,20,21,20
1991,20,15,13,4
gain,7,14,7,7
engine,7,0,17,7
official,15,20,20,18
Lake,3,15,2,14
K,6,21,24,3
jail,0,22,22,1
just,22,4,2,15
criminal,3,22,22,23
federal,8,14,21,8
thunder,11,14,18,7
airport,18,15,20,16
direct,2,14,2,24
Spain,24,6,2,16
Larry,17,9,15,15
fuel,22,23,1,19
surrounds,9,7,4,16
ask,22,12,7,5
owns,8,10,8,10
rain,4,14,6,20
1939,19,11,0,20
fathom,24,20,24,13
enter,6,7,24,7
1953,19,20,14,17
sides,20,8,21,13
declared,21,19,14,8
'll,19,23,17,17
houses,22,23,12,17
ring,22,12,2,7
January,19,6,1,24
U.S,8,17,14,8
detect,15,18,15,6
defects,19,15,16,17
Pollock,9,10,4,16
Confederate,4,19,21,3
international,19,4,12,21
happens,12,5,7,5
Award,19,17,8,15
street,9,2,20,23
future,16,10,8,0
nation,4,7,19,15
sees,12,20,18,24
Bastille,24,2,11,24
attack,20,8,13,13
Way,6,21,9,11
lady,19,23,16,8
education,24,6,15,17
Sinn,0,3,5,5
Fein,3,22,21,5
firm,6,4,6,23
L.A.,7,0,24,7
exercise,20,13,21,13
domesticated,15,11,23,18
plastic,22,23,1,0
detective,16,17,13,0
meat,15,23,12,17
boxer,8,22,13,23
Sullivan,15,11,15,17
J.,22,17,9,6
Dikembe,8,19,15,15
Gone,9,13,13,13
Wind,4,13,18,16
Society,8,9,8,8
feature,5,21,3,1
network,8,8,13,8
range,9,7,4,9
contract,12,20,6,3
purchase,11,7,6,17
small,11,1,1,24
fungal,15,21,1,24
infection,11,12,1,6
Gandhi,13,17,13,13
Broadway,15,20,15,18
closest,10,5,20,16
exactly,7,1,7,5
Paul,23,23,15,10
Al,8,22,21,10
daughter,10,16,14,15
vegetable,15,12,1,24
flies,15,11,12,6
typical,7,2,10,20
toll,20,20,18,24
occupy,4,2,21,9
cosmology,7,1,9,7
Cleveland,22,11,16,18
credit,19,23,23,17
All,10,23,23,22
IBM-compatible,1,6,12,6
order,6,23,8,3
join,4,2,10,3
Summer,10,16,22,15
profession,8,17,8,8
doing,7,22,7,1
ride,10,9,20,14
organ,19,12,7,19
islands,20,2,10,2
Jones,22,23,14,17
banned,13,23,24,5
Magna,21,8,14,0
Carta,8,17,14,8
gives,15,10,15,15
Buffalo,19,7,12,18
Dogtown,11,12,12,21
Garry,11,12,12,6
Kasparov,15,6,22,14
keep,7,2,21,3
distance,20,8,13,13
Ocean,9,18,4,13
peak,3,7,22,3
Empire,13,8,13,8
trials,1,11,1,24
north,10,2,10,16
Superman,4,7,19,23
worked,13,0,21,7
Van,1,15,20,14
Babe,18,17,10,8
creator,13,9,13,8
brothers,13,10,8,8
behind,17,23,11,18
Harvey,0,0,9,8
surface,18,21,21,16
forced,6,4,15,23
measure,22,12,1,17
acid,12,21,9,24
Wolfe,15,6,12,14
raise,22,12,0,7
Academy,13,17,13,8
latitude,20,2,24,24
longitude,13,24,10,13
Robert,2,12,1,6
motto,1,22,4,22
chess,15,9,15,17
Bush,8,10,15,23
Andy,21,17,11,8
rum,19,6,12,2
Congress,24,23,11,17
geese,15,11,12,6
Alice,21,17,13,0
Rome,9,10,10,15
research,15,15,2,2
1950,2,12,1,2
Oscars,11,9,23,0
Committee,21,22,11,8
tip,2,7,20,3
project,19,10,16,2
selling,11,18,15,17
Williams,19,11,1,15
killer,11,12,12,6
Bob,19,22,20,17
minutes,0,9,11,7
mammal,11,6,1,6
Emperor,8,17,13,8
Georgia,8,19,21,23
Scarlett,7,24,18,16
sank,11,6,1,24
released,13,8,11,16
voice,21,17,8,15
Butler,13,0,13,15
La,11,21,19,6
market,2,22,4,5
probability,20,24,24,13
any,13,14,24,7
course,15,12,12,17
Dickens,5,1,22,22
hearing,0,22,7,19
cat,7,0,7,7
lead,15,23,2,17
Led,7,0,7,5
Zeppelin,7,17,0,1
away,10,15,20,18
value,15,21,2,7
Benny,24,20,23,16
Carter,24,20,5,24
acronym,21,16,14,21
borders,9,7,19,3
level,18,23,17,0
weather,5,22,0,5
Enterprise,13,17,13,8
sperm,11,12,1,11
suit,15,12,1,6
Jr.,12,24,13,16
painter,8,17,13,8
Time,19,8,15,22
exist,19,23,23,0
him,0,22,13,8
Conference,1,3,1,17
Lindbergh,16,9,11,0
formula,15,20,1,14
Israel,8,7,21,3
published,13,8,11,4
caffeine,11,12,12,24
upon,1,10,3,21
classical,19,23,5,17
chemicals,19,18,16,14
return,22,19,4,5
process,12,22,7,7
clock,12,0,9,7
Pulitzer,17,9,13,17
direction,9,5,10,23
secretary,21,17,13,8
Stewart,10,9,2,18
reactivity,24,0,10,24
songs,15,18,16,18
championship,0,16,21,0
baking,6,2,1,24
egg,11,12,1,24
receive,1,14,7,1
writing,18,8,21,8
move,15,12,20,14
turn,18,19,21,7
model,21,17,3,21
Everest,9,15,22,13
League,0,16,21,5
Islamic,15,15,6,17
Cross,1,15,20,2
chain,8,22,21,10
roll,23,13,17,3
associated,22,23,15,17
000,22,18,7,21
stripes,0,12,0,24
Einstein,18,24,10,15
Two,9,18,22,15
Cities,10,7,22,23
Clark,24,24,11,13
Yankee,17,17,8,10
single,13,9,21,13
bought,11,23,20,17
jockey,8,17,11,8
Good,17,10,3,8
Cage,17,17,13,8
husband,21,17,13,0
Moon,0,11,0,19
1981,19,6,20,24
natural,10,7,2,1
Ileana,9,5,19,15
Cotrubas,2,18,10,23
hamburger,7,0,5,7
Edgar,9,5,2,16
native,15,7,20,9
Brothers,24,23,15,17
sites,9,2,10,15
included,19,9,17,0
screen,0,19,0,8
national,24,14,11,20
CPR,11,15,19,21
playing,15,11,16,0
Lion,13,17,13,0
eruption,7,8,24,16
period,20,24,24,13
theory,12,22,7,5
pro,0,5,7,8
1978,16,23,17,15
writer,17,17,8,8
Fred,19,8,15,15
%,13,8,10,13
round,13,8,21,13
terms,22,23,0,1
Council,13,17,11,8
Joe,7,17,11,13
Logan,10,7,20,16
northernmost,9,15,10,23
websites,4,5,4,3
17,0,23,4,8
tale,15,12,15,2
increase,7,21,24,3
span,20,24,10,16
morning,1,12,1,6
launched,7,14,7,24
trade,11,21,6,17
ears,12,12,7,24
Kansas,8,2,10,3
promote,19,23,15,0
export,10,15,20,2
coffee,9,2,18,13
beat,19,23,12,17
Wonder,10,8,21,8
greeting,5,19,21,23
ships,11,12,1,11
opens,15,20,6,2
our,24,8,23,9
..,3,12,19,24
sequel,15,12,16,14
manufactures,13,17,8,8
1975,2,1,20,2
1974,7,23,0,1
Derby,24,18,8,21
collect,15,18,2,14
treatment,15,20,1,14
Brooks,8,9,21,15
Medal,16,17,11,0
Orange,4,18,19,23
Stone,10,21,6,20
Arnold,19,17,13,15
idea,0,22,4,8
Mao,18,17,11,8
Long,7,21,7,5
Jersey,2,16,21,23
1968,13,17,13,8
vice-president,8,17,11,8
Alexander,22,19,4,5
nations,4,7,18,3
trees,15,15,1,2
vaccine,2,23,16,17
Columbus,22,9,2,18
Camp,0,22,21,1
David,11,3,9,15
spend,4,2,20,3
advertising,11,20,12,24
1993,13,8,13,4
insurance,24,6,12,24
contemptible,21,9,23,0
scoundrel,16,17,21,0
lunch,0,9,11,8
tournament,11,1,20,20
1945,11,23,22,5
steps,3,5,22,7
e-commerce,12,21,0,7
want,15,18,20,17
For,22,1,6,19
1923,24,15,20,2
Nadia,11,7,6,24
Comaneci,6,2,18,18
Florence,11,15,16,6
Beauty,10,24,18,5
instead,0,14,7,1
Stanley,6,21,5,5
pound,11,13,10,12
blind,8,9,15,0
attend,8,17,11,8
School,8,8,14,8
Lincoln,16,10,4,15
Ventura,8,10,8,8
seized,16,19,11,17
Master,13,9,2,8
Sherlock,19,11,2,17
Holmes,16,11,2,17
Poker,15,9,19,21
Dakota,7,0,0,19
western,5,5,22,7
Silver,4,18,20,2
empty,4,16,19,3
airline,13,17,13,8
professional,8,17,11,8
involved,3,14,6,7
Panama,7,21,24,7
Lawrence,14,5,9,17
study,22,23,1,17
vacuum,8,13,23,7
Pittsburgh,8,8,21,23
best-seller,15,21,5,21
root,7,1,7,12
High,18,15,22,23
Stadium,22,10,19,18
safe,19,23,1,17
infamous,0,22,21,23
Don,2,15,19,14
callosum,3,18,2,2
No,2,20,18,12
W.C.,1,10,10,16
Fields,10,10,17,9
Ewoks,9,7,19,9
catch,11,12,15,6
release,7,1,0,1
piano,16,8,8,22
those,7,12,7,7
presidency,8,10,15,15
info,3,7,21,19
teaspoon,24,24,13,24
Muhammad,11,21,6,3
Ali,12,22,6,19
maneuver,19,23,15,0
spawned,1,23,12,17
present,19,10,15,8
Jesus,12,7,21,3
notes,3,12,1,7
Pearl,18,17,10,13
Harbor,10,16,10,16
coming,13,24,24,13
E,12,22,7,11
fined,20,8,18,4
Robin,17,8,11,15
household,19,15,1,24
less,22,23,1,5
northeast,9,11,4,19
gulf,10,18,19,2
Salt,15,20,12,14
typewriter,11,6,8,12
colorful,15,19,8,15
region,4,7,2,4
Hungarian,15,10,3,17
nicknamed,17,9,23,0
stamp,24,0,11,23
establish,15,20,2,13
syndrome,3,11,0,1
p.m.,12,2,22,12
executed,8,10,17,8
policy,19,23,15,19
toward,15,23,2,15
failure,19,12,15,6
display,5,5,0,23
expectancy,18,2,24,16
subway,4,2,20,23
happen,7,5,0,7
fruit,11,20,7,12
Hawaiian,2,7,19,15
Congressman,1,3,18,17
mentioned,22,12,6,24
smallest,15,15,19,15
Lord,5,7,2,16
Angels,17,17,11,23
flower,11,7,1,24
vs.,24,1,23,3
perpetual,3,12,1,16
motion,19,12,1,21
July,13,24,11,8
April,1,6,12,19
deep,20,8,21,24
Rock,1,22,22,5
Gates,23,5,10,16
Bombay,3,7,4,19
Steinbeck,24,1,5,14
landmark,9,2,4,9
next,4,2,21,13
hunter,10,10,21,23
Shirley,16,11,20,17
MacLaine,24,11,15,18
1936,2,15,22,19
Fawaz,11,6,6,6
Younis,15,1,16,17
ZIP,8,19,21,22
widely,15,1,12,24
UN,8,17,14,8
Secretary,21,17,3,8
position,9,22,3,19
led,8,8,11,8
lack,1,15,6,11
1989,14,15,3,18
plants,15,23,1,17
am,17,6,7,12
pregnant,7,0,7,11
cut,14,12,1,17
F,17,9,13,19
outcome,24,1,6,19
Milky,6,21,0,24
maker,13,17,13,8
penned,8,10,11,0
Mouse,19,22,23,8
expensive,2,15,20,3
Dwarfs,0,17,23,17
Hall,8,17,13,22
breed,13,23,23,8
Samuel,17,17,13,15
possession,22,7,4,1
Drew,16,16,10,23
Barrymore,10,9,17,23
Michelangelo,24,8,12,0
sweet,15,23,1,0
Roger,19,11,3,19
bibliography,7,22,7,19
effects,7,5,0,7
Nevada,10,2,4,9
training,0,17,3,8
L.,11,15,5,2
Seattle,17,10,19,15
abbreviated,21,8,15,12
holds,21,19,11,0
marks,22,18,19,2
businesses,8,17,21,8
Maryland,6,24,7,5
election,0,22,4,8
clothes,11,12,5,24
statistics,13,2,21,20
established,20,21,18,16
flowers,15,18,12,6
calendar,18,2,20,12
software,14,23,3,21
engines,13,17,17,8
Tracy,17,17,13,8
appearances,16,17,14,0
NBA,8,0,21,8
19,3,20,12,24
trademark,19,23,15,17
Moore,22,11,5,12
fox,2,1,1,2
DT,19,12,16,14
shuttle,24,20,13,12
Times,19,17,13,8
Mikhail,16,16,13,4
Gorbachev,16,7,19,16
HIV,7,2,12,1
hold,3,16,7,14
Dracula,15,19,17,17
trip,6,21,24,16
Triple,19,23,11,17
1973,24,11,20,17
Life,1,10,3,15
busiest,8,15,10,13
diseases,15,23,1,17
screenplay,24,8,21,16
Brazil,2,6,2,2
Rose,16,19,10,15
target,7,16,18,13
signed,13,17,11,8
meters,10,2,17,7
Center,16,10,19,15
event,22,12,1,12
IOC,21,18,15,4
library,4,19,20,13
digits,20,13,18,13
Arctic,20,18,2,4
variety,14,1,1,6
Maria,21,11,14,8
floor,6,21,6,19
others,3,7,1,3
significant,15,1,6,17
graduate,4,5,7,5
Missouri,24,15,10,15
Luke,22,17,11,10
Lucas,10,19,19,23
struck,17,8,11,0
Americas,16,10,4,15
Kosovo,9,7,10,3
sexual,22,7,1,6
personality,22,0,4,7
Taylor,11,11,15,19
Mediterranean,18,10,10,23
wings,7,13,6,7
Irish,24,1,15,9
Family,15,15,15,14
exchange,8,20,24,24
horses,24,6,1,17
tube,22,12,1,21
Independence,18,10,19,15
celebrities,0,17,1,23
Marx,15,4,5,18
Sam,10,20,20,2
Desert,16,10,4,8
Trivial,12,0,21,7
Pursuit,6,21,24,20
Venus,12,5,24,20
Saint,16,15,2,15
folic,20,0,24,20
girls,7,5,7,7
Anglican,5,3,9,11
chancellor,8,19,4,22
Jerry,0,22,21,23
cats,2,12,1,21
format,15,1,16,2
Paso,24,2,18,16
Conrad,16,9,14,0
votes,7,14,18,7
Colorado,10,7,20,16
bomb,11,23,9,17
odds,24,2,18,20
giving,20,8,11,12
uses,21,9,3,22
Side,22,22,7,19
Story,0,22,14,8
shoe,8,16,13,13
Barbie,12,8,5,7
Web,9,10,22,23
hot,20,14,13,24
oven,15,20,1,20
Vienna,11,7,12,4
restaurant,18,16,4,23
determine,12,0,7,7
Navy,3,12,1,6
Depression,11,21,6,24
winners,19,11,15,0
properties,22,10,4,7
landed,10,8,13,15
automobile,13,23,15,12
manufactured,13,2,10,16
plan,3,5,22,3
wearing,15,1,1,24
drugs,20,14,11,24
dew,7,23,4,22
military,7,0,21,8
Christ,13,2,18,16
Woodrow,16,17,11,22
Wilson,8,17,11,8
Howdy,7,17,23,13
Doody,13,17,17,13
rest,0,0,4,5
mouth,23,5,1,16
Gulf,9,5,4,23
bay,9,5,20,9
December,22,6,6,17
21,11,21,6,24
dots,12,21,18,24
Homelite,9,7,10,23
Inc.,9,18,19,9
headed,13,17,13,8
colonists,15,12,1,2
Dead,0,10,13,8
Whom,21,8,14,8
unaccounted,20,2,24,13
C,7,22,9,19
recently,23,11,19,17
soap,12,23,1,24
Green,0,10,21,23
movies,18,17,21,15
Three,1,4,15,17
'Hara,4,2,11,2
Scrabble,0,22,21,23
burned,2,15,12,16
mountains,9,2,4,16
Cup,2,18,20,2
Beatles,19,11,12,17
terrorist,21,22,14,8
brush,15,15,2,0
lobster,10,2,20,13
At,24,12,12,12
shall,19,9,21,0
Andrew,6,12,5,20
25,24,20,18,24
Philippines,11,15,19,15
Court,3,2,7,5
production,13,2,21,16
1965,24,20,20,2
cells,12,0,13,24
Angel,16,10,2,9
1992,13,8,13,13
division,13,14,21,7
Procter,18,5,17,2
Gamble,10,5,10,2
Vietnamese,8,17,13,8
novelist,17,17,13,8
method,22,23,1,21
identity,8,17,14,8
1990,20,24,24,4
Constitution,6,22,24,5
companion,15,23,1,21
third,13,8,11,13
Festival,13,21,10,20
astronaut,0,17,13,8
Windows,1,12,0,19
98,14,1,6,20
Aspartame,14,12,16,17
soccer,18,16,21,15
clown,17,11,15,0
met,21,17,13,0
discover,15,18,15,17
NHL,13,8,11,3
Utah,10,15,8,15
save,12,12,6,1
About,13,16,18,4
divorce,13,17,14,8
fax,22,19,3,19
soda,11,20,1,17
crop,14,12,12,24
today,6,21,24,7
closing,24,15,21,13
6th,4,22,22,23
forest,9,7,20,9
owned,8,10,14,15
carries,8,15,10,18
class,15,1,20,18
such,17,10,4,8
volcano,10,2,13,16
purposes,12,0,7,7
sink,5,16,21,1
Yalta,3,3,7,22
railroad,9,2,10,16
represent,3,7,22,16
Easter,5,0,1,7
tourist,3,2,4,23
command,15,12,2,2
markets,8,10,4,8
forces,21,10,21,8
Come,16,11,14,0
flavor,19,23,12,22
daughters,19,11,23,0
Chris,22,6,20,2
birthstone,11,14,6,24
wheel,23,23,1,0
Tristar,13,8,10,13
Jamiroquai,2,7,16,2
Incredible,17,17,14,17
Hulk,17,17,17,0
Year,11,21,12,4
economic,3,1,22,24
Ohio,8,8,11,20
Bolivia,17,10,4,8
medium,11,18,1,24
actually,20,9,12,15
technique,1,12,2,7
Ernest,11,12,2,24
Hemingway,19,12,15,17
includes,2,18,16,20
constellation,4,7,10,23
fans,17,17,21,8
clothing,1,14,1,6
fur,14,12,1,24
box,12,23,12,14
normal,20,24,18,13
Billy,17,17,15,0
wives,8,17,14,8
!,0,0,1,1
Boy,12,14,7,11
include,14,9,1,24
sodium,11,12,1,24
fight,10,20,15,14
organism,12,1,1,11
fingers,20,23,13,0
recorded,13,23,9,18
tour,24,2,11,12
monster,11,11,1,14
Genesis,15,7,20,15
24,1,12,1,12
low,22,1,6,24
Falls,9,7,17,13
starting,13,21,24,13
1933,19,23,14,21
Nazis,23,23,19,14
foods,15,20,1,17
circle,8,17,1,22
cartoons,15,1,16,14
earn,22,14,7,23
Nebraska,24,15,12,6
Museum,18,10,19,15
match,22,1,3,0
rainbow,11,7,1,0
broadcast,20,20,21,12
anniversary,7,19,19,16
Association,13,2,11,4
hat,3,7,1,7
Frank,11,12,5,6
counterpart,15,3,2,6
November,2,3,19,3
Tale,10,3,22,15
Humpty,19,11,23,18
Dumpty,22,22,15,18
flying,4,11,20,23
draft,19,4,2,18
glitters,18,10,4,23
legal,15,12,15,14
attractions,9,2,4,23
Gene,19,23,11,13
Lady,16,10,8,23
disc,21,8,2,0
Joseph,19,6,2,21
Hillary,10,7,18,23
pull-tab,8,8,11,3
agent,5,22,0,7
IQ,20,2,24,20
Degas,24,21,11,20
camera,8,8,10,8
've,17,17,11,0
Jackie,0,17,11,15
Yahoo,22,5,1,1
bees,11,21,1,15
Foundation,19,22,11,1
tie,22,12,6,1
generals,20,9,23,8
sings,21,17,23,0
witch,12,12,6,7
hooligans,15,18,22,2
Blue,16,16,4,23
Hugo,10,2,18,16
answers,7,7,7,5
these,13,17,21,15
dam,9,5,19,16
assassinate,13,10,11,8
colonies,9,2,18,13
sons,19,19,15,0
objects,12,2,0,24
Allen,22,19,17,15
Poe,9,5,2,9
Honecker,4,7,10,9
Woody,17,4,15,18
unemployment,20,14,21,20
Amendment,6,22,7,19
inventor,8,9,13,15
success,24,23,6,21
Fifth,3,18,19,16
Orleans,17,23,8,18
staff,19,14,7,5
hate,19,23,15,17
stage,22,11,6,0
likely,15,4,20,15
search,14,20,2,17
owner,19,23,23,18
perform,19,23,1,0
coast,20,13,13,13
kinds,10,9,1,15
manned,15,20,1,14
Beach,3,18,20,15
short,7,14,7,7
ceremony,6,3,5,7
Saddam,16,17,11,0
Hussein,21,19,23,0
Southern,10,7,19,20
Playboy,11,6,15,16
quit,19,11,6,14
performer,19,8,14,0
prophet,17,10,23,8
Helen,10,2,10,3
museum,10,2,22,9
lens,14,15,16,14
putting,18,15,15,18
Finger,23,22,4,7
III,24,11,16,24
seasons,10,0,11,15
Death,17,23,8,21
Teddy,0,0,23,1
approximate,20,21,9,7
toy,17,23,23,15
Oswald,6,0,3,7
offer,15,15,2,15
Godfather,17,8,13,15
sang,0,17,13,0
Tutu,17,8,13,15
south,4,5,4,23
pizza,11,12,20,12
races,0,16,3,0
science,15,4,20,2
verses,13,2,18,12
leg,2,11,1,14
recipe,15,12,1,17
winner,11,12,6,12
classic,19,1,0,7
Albert,10,7,20,16
era,19,23,15,15
rust,5,22,6,20
question,22,23,11,0
erected,20,2,21,13
Butterfield,5,5,4,5
dancing,17,11,14,0
job,21,17,21,8
Central,8,10,4,23
governor,3,19,15,23
pitchers,10,16,10,13
intercourse,12,14,21,7
mission,6,12,1,7
80,13,16,17,3
presidential,8,19,11,8
Winter,17,16,10,9
1935,24,9,23,0
empire,11,12,0,2
maximum,7,8,24,20
handle,7,7,22,5
political,8,19,23,8
Contract,12,20,12,14
wild,17,10,13,0
guy,22,17,21,11
Namath,8,8,11,13
zones,20,2,18,3
fare,20,2,13,12
easiest,14,12,20,17
pet,15,12,1,6
tail,14,12,1,0
He,11,23,1,18
everything,15,12,2,24
nothing,19,23,12,17
support,1,20,6,24
breakfast,19,12,12,6
Persian,4,19,22,19
spacecraft,2,10,2,2
heavyweight,8,17,14,0
champion,8,8,13,0
geographical,9,7,19,23
including,3,7,22,3
Hawaii,16,10,2,9
port,8,16,20,13
register,7,0,7,7
balance,5,1,4,1
Avery,13,8,11,14
4,0,23,17,22
Railway,9,9,8,7
Banana,0,22,3,5
dentist,3,20,1,3
rules,3,12,5,19
separates,9,2,17,3
journal,18,2,17,15
religions,14,1,1,7
began,6,6,6,7
Water,10,15,19,2
zodiacal,19,6,20,24
Massacre,1,22,22,19
Russians,11,6,5,14
dry,5,23,1,7
Stevie,20,6,13,16
nose,16,4,11,0
condoms,20,21,24,20
Brunei,8,17,13,8
tongue,19,23,2,14
possible,1,12,1,24
vessels,19,15,1,14
Randolph,10,2,21,16
Flintstones,2,18,20,23
declare,7,7,4,16
9,7,0,7,20
horoscope,21,20,2,24
Pink,0,18,1,17
farthest,15,7,19,18
district,9,2,4,9
super,19,23,20,17
restored,16,16,21,15
estate,8,16,21,1
Nine,7,0,22,5
Apollo,19,23,2,10
22,3,20,1,22
Sigmund,17,17,19,22
Freud,17,9,8,21
best-selling,15,23,16,17
fever,22,0,24,5
Rider,23,7,20,23
founder,19,23,11,17
Review,1,23,12,17
opening,19,20,1,17
Casey,19,6,1,17
Claus,16,19,19,23
Honor,19,17,14,0
ability,19,12,16,24
1957,19,23,14,0
Catholic,12,5,7,5
Church,13,22,3,8
worst,1,11,15,0
ethnic,0,17,7,8
B,2,2,16,14
Tony,24,23,9,17
candle,11,0,7,24
blow,22,14,0,0
duel,17,8,13,23
meeting,15,7,1,14
Churchill,19,11,15,17
Stalin,15,11,14,0
fictional,16,10,13,8
ratio,20,20,20,23
stick,0,23,1,14
1812,11,19,21,16
polio,18,24,11,13
prepared,19,1,1,6
experienced,10,15,2,18
something,23,12,9,1
auto,18,2,21,3
sale,13,14,11,3
bald,10,17,13,9
Presidents,13,17,15,15
bones,19,13,20,24
De,24,9,11,9
Princess,11,10,13,13
bond,23,14,9,16
millennium,11,0,5,13
triplets,0,19,14,22
weapons,7,4,7,19
Slam,19,23,20,14
hotel,9,2,4,23
49,10,18,17,3
Gerald,16,4,19,23
wake,1,12,0,6
certain,22,12,1,7
serving,6,0,7,5
invade,18,2,10,16
15th,22,23,15,17
gained,9,10,21,3
ended,13,8,13,13
URL,20,2,11,15
extensions,12,21,11,20
fresh,19,4,1,17
better-known,21,17,10,17
honey,23,7,0,22
pay,6,20,20,15
Truman,18,19,10,15
scholar,8,19,10,8
literal,22,0,21,10
translations,19,17,12,0
Ezra,21,17,11,0
whole,11,23,5,6
butter,7,24,1,7
stopped,13,19,11,18
diary,17,19,13,22
31,22,23,3,1
thought,22,19,11,17
spectrum,7,0,7,7
wave,7,22,22,1
ATM,12,5,21,7
U.S.A.,8,10,8,23
Steve,19,11,15,22
Edward,11,6,5,2
Robinson,10,7,20,2
Days,10,10,4,15
2th-century,5,8,23,21
biography,17,17,13,10
Abraham,13,17,15,15
chefs,24,12,1,6
hitting,20,14,11,13
von,17,11,14,17
develop,22,10,6,17
196,2,7,16,14
amendment,7,14,7,7
ratified,13,14,11,7
territory,9,10,3,3
Hoover,10,24,10,16
according,6,21,6,7
Fox,10,16,10,23
Scrooge,16,11,23,0
cooking,11,15,6,12
corn,15,12,1,24
placed,11,6,16,24
invasion,7,8,21,16
split,14,1,1,17
habeas,3,1,5,24
Olsen,17,17,15,3
deadliest,24,21,16,6
infectious,14,15,16,17
U.K.,20,8,11,13
1956,19,11,19,17
Last,6,0,7,16
evil,0,22,4,7
zero,4,2,18,16
deer,19,23,15,0
aged,20,0,13,24
pseudonym,21,8,13,10
1937,4,7,19,16
Public,22,15,2,21
add,19,23,1,0
Shelley,17,17,15,22
Me,0,22,7,10
think,22,22,7,1
Ouija,12,22,0,5
regular,6,21,24,20
section,19,23,8,0
manager,13,17,21,8
endangered,11,14,24,7
cardinal,24,8,23,8
driven,22,23,20,24
Smokey,22,18,1,17
Chief,19,11,15,17
Approximately,13,24,11,13
blues,0,12,0,1
cooler,4,13,13,7
cucumber,11,13,10,24
Bradbury,23,10,2,2
illustrated,24,2,3,2
carry,8,17,13,8
artificial,19,10,7,0
intelligence,3,22,7,5
Dow,13,20,21,8
beans,15,23,1,24
ancient,10,18,22,15
Fatman,16,0,14,17
Jake,0,0,9,10
Z,7,22,7,20
Nino,19,11,14,1
fraction,7,24,21,13
beaver,20,13,24,7
Li,16,16,14,15
l,23,7,14,15
Abner,19,11,15,17
seaport,9,15,10,23
operations,4,21,21,3
post,22,4,8,2
door,22,23,1,19
Trail,10,10,10,16
thank,11,12,7,5
means,15,23,1,17
speak,21,17,21,8
powers,12,22,0,5
send,12,14,7,7
1940s,13,17,21,13
Donald,8,11,13,3
Rubber,18,15,10,23
Adventures,6,21,5,20
Hood,13,8,13,13
odors,19,11,1,14
efficient,22,1,1,21
Rotary,17,22,8,8
LSD,22,22,4,22
legend,23,7,22,16
c,8,2,13,12
black-and-white,20,2,13,3
1-cent,7,13,10,12
Jefferson,10,24,11,13
Danube,9,7,10,15
Mormons,22,5,9,1
1847,9,7,4,2
wrist,19,9,15,0
measures,11,20,12,24
Nazi,21,19,17,10
Cat,14,22,7,5
Ronald,21,19,13,23
Reagan,8,10,23,15
cabinet,8,8,13,0
Jungle,5,5,4,5
Dr.,21,9,15,0
separated,23,5,7,5
Frederick,22,11,2,19
chronicles,2,12,6,14
dates,13,21,24,24
running,2,20,5,20
cache,7,5,24,7
consist,15,18,16,14
Joan,13,17,21,13
figure,0,17,14,10
benefits,6,5,7,5
Livingstone,10,6,12,6
Afghanistan,21,6,12,17
supreme,8,17,14,8
Give,7,22,21,1
learning,22,1,6,21
Institute,10,7,2,17
VBP,21,6,16,17
14,10,23,2,15
1946,13,17,14,15
prompted,6,14,9,23
Gay,7,5,7,5
log,7,21,6,5
Around,9,10,10,9
E-mail,23,7,19,3
1952,2,15,19,2
bowl,1,7,1,7
well-known,8,10,17,17
lay,8,17,13,8
preacher,13,6,15,15
seventeen,21,10,11,0
Romantic,17,13,18,13
superstar,17,8,14,0
molecules,12,23,1,24
Whitcomb,16,9,2,14
Judson,19,4,23,18
occurs,19,23,6,14
Jean,24,12,9,24
materials,19,21,6,24
pigs,11,11,1,17
bounty,8,19,15,8
peace,11,7,1,24
civil,24,12,5,15
cup,2,15,16,24
Service,13,19,3,8
Rhodes,17,19,4,8
concentration,9,2,21,20
camp,1,15,21,0
gay,9,5,21,23
flags,4,2,4,23
heavier,19,21,22,14
Will,0,12,19,23
coal,12,14,6,20
majority,8,8,23,8
Harry,22,22,21,5
Maid-Rites,6,3,6,7
important,15,15,19,15
adopted,21,19,11,8
fatal,15,15,18,16
rubber,11,8,6,24
designed,8,17,17,0
Fitzgerald,19,11,15,19
Warner,10,4,14,15
Bros.,19,23,15,2
Willie,13,11,13,15
Age,11,6,12,20
colonial,5,0,4,7
spread,11,5,7,1
until,19,23,4,1
revolutions,7,21,6,20
Electric,6,15,7,19
1976,14,15,19,2
1642-1649,16,6,20,9
lice,11,12,1,17
tourists,9,2,4,23
Mae,3,12,6,19
Fame,8,17,8,23
Series,13,17,11,8
Yankees,16,0,11,10
1962,13,17,11,8
electricity,13,17,13,8
Moscow,8,9,14,13
learn,22,5,7,7
Century,16,22,14,10
U.S.A,0,0,4,10
surrendered,8,19,14,0
Cop,13,19,14,23
adventures,15,7,20,16
couple,22,23,0,10
Jonathan,11,6,12,6
raised,19,22,11,19
dinner,19,11,23,0
phrase,21,12,20,22
1920s,17,15,15,17
rode,17,17,10,0
ambassador,8,10,11,8
Argentine,17,19,14,8
strontium,5,19,22,17
purified,7,0,1,5
dictator,13,17,17,0
doctor,8,19,21,8
liver,19,0,0,1
colored,15,21,12,14
brother,21,4,11,0
goddess,11,23,1,8
Hudson,16,17,14,0
Needle,10,15,22,15
facial,5,0,7,7
Disney,7,0,7,7
cable,18,19,17,0
coastal,9,10,4,8
creatures,15,12,2,24
yellow,18,18,20,20
liberty,8,2,21,15
orca,11,12,12,6
bottles,14,18,12,24
mark,19,4,2,0
underworld,8,17,13,8
refer,15,7,16,14
manufacture,19,4,6,6
Sun,24,13,13,12
buildings,23,2,17,3
Describe,12,12,7,19
specifically,7,23,1,7
Gore,19,19,8,8
Forest,10,2,10,16
patented,1,23,17,17
piracy,11,21,0,22
villain,17,17,15,8
1988,17,16,22,15
jersey,0,11,14,0
dozen,4,9,11,18
highway,24,2,9,12
flow,9,7,17,3
peninsula,5,14,4,1
young,20,12,6,11
Valdez,0,22,22,5
spill,16,4,21,23
alphabetically,21,17,17,9
mine,19,18,20,17
harbor,3,12,19,17
Spanish-American,22,12,1,22
apart,4,7,20,3
horsepower,20,8,24,20
boosters,20,13,11,13
Aristotle,19,9,5,21
calculate,22,11,1,21
change,7,12,0,7
cause,7,5,24,7
sheep,10,2,10,20
several,12,1,7,1
regarding,22,23,15,9
nests,14,21,1,6
teeth,7,13,1,24
autobiography,0,8,13,13
thalassemia,12,12,7,20
share,4,2,20,9
frequency,20,13,24,20
VHF,13,14,10,20
jiggy,7,14,0,1
getting,22,1,1,7
too,11,12,5,12
Western,10,7,2,16
Concorde,13,7,4,13
steam,3,5,1,10
Scopes,22,12,0,5
monkey,24,13,5,2
Prewitt,3,20,15,14
strips,15,11,1,17
pilots,15,23,1,0
lengths,24,21,20,20
Walter,24,9,9,15
announced,11,3,6,16
dot,11,1,1,7
i,7,12,7,12
Palace,15,10,22,5
colleges,8,17,11,15
Wyoming,24,13,11,8
visitors,9,2,4,3
betting,1,9,15,18
rings,19,12,12,24
imaginary,18,10,17,9
pig,10,13,18,7
orgasm,20,8,21,24
Laugh-In,0,22,0,10
saying,22,11,7,7
Arcadia,9,2,10,20
describe,21,8,13,17
Pole,11,11,12,6
directly,3,7,16,14
magazines,16,23,3,15
room,9,19,8,13
Mel,1,11,13,0
Silent,17,17,23,23
Movie,18,17,13,8
poetry,13,17,21,15
breeds,14,18,1,17
1929,19,11,3,19
Mont,9,2,20,15
Blanc,16,16,10,15
floors,12,14,6,7
importers,5,21,4,7
bottom,8,16,13,23
access,12,1,7,7
spy,4,23,9,17
Belgium,14,21,12,17
Michener,15,3,15,2
subtitled,1,1,16,21
Travels,9,7,2,9
Social,22,3,7,5
else,7,12,7,1
Skywalker,17,10,3,1
tragedy,19,12,12,18
wide,18,15,10,3
bra,0,0,24,10
commit,6,12,5,6
Global,9,5,22,7
Herb,17,22,3,15
map,3,2,2,15
verdict,23,5,9,5
Bert,19,11,1,17
Davies,10,10,10,16
Stage,8,11,17,0
machine,1,17,3,21
device,14,18,16,2
broke,13,19,21,0
actors,13,0,21,8
Club,3,22,19,5
episode,0,5,24,1
UK,20,21,12,7
explorer,18,17,13,13
bet,19,9,15,0
float,22,21,1,0
Indies,0,7,4,5
parking,9,10,4,23
battles,15,23,1,15
Virgin,19,23,14,17
gods,17,10,2,0
bad,13,8,11,3
luck,12,1,6,7
Philadelphia,17,23,21,10
gender,15,12,1,6
Casablanca,21,9,13,19
lie,4,7,20,13
dreams,17,17,23,9
records,3,19,9,5
larger,7,22,24,20
Statue,11,15,12,15
Liberty,11,15,6,24
Chilean,11,9,13,4
coup,0,1,22,1
revolt,15,20,6,17
Italians,15,18,19,15
Monaco,9,2,4,23
Scotland,18,10,17,15
ballet,17,23,13,15
recommended,6,14,7,7
Nero,15,9,16,17
ill-fated,2,9,15,17
Willy,6,17,13,16
Federal,13,22,15,17
hermit,11,24,24,11
crabs,6,12,0,7
alternative,6,7,7,7
June,0,3,1,10
legendary,17,17,13,0
digital,7,22,0,20
heavily,11,23,1,17
caffeinated,19,18,12,24
electoral,24,14,21,13
Hass,11,6,12,24
Hills,5,22,7,5
pronounced,22,12,0,10
outer,0,0,6,7
related,22,14,0,19
Thing,17,22,3,5
designer,8,17,13,8
millions,1,11,15,22
doll,18,16,13,15
sell,6,8,21,3
1959,13,2,17,16
piece,11,12,16,20
Alexandra,5,14,0,7
Josie,0,22,9,5
Pussycats,0,14,4,1
Sydney,22,23,17,23
VCR,12,1,4,20
Capp,16,9,23,0
joined,17,17,19,8
Pass,9,18,4,3
coastline,9,10,4,9
measured,22,14,1,24
stocks,3,4,4,23
monitor,3,19,0,19
keeps,2,12,1,17
labels,12,21,12,24
admit,15,12,6,17
interview,3,12,1,7
felt,19,11,19,8
stops,0,5,4,7
Pit,18,10,10,16
Pendulum,10,18,4,9
Wonderland,24,6,12,21
197,16,16,17,1
hook,12,12,7,7
toys,16,10,14,8
soldier,1,15,15,0
data,18,19,17,22
engineering,8,10,17,8
Miami,10,10,19,16
Six,0,10,10,22
Rubik,12,0,5,7
Cube,7,0,7,20
picture,15,7,20,2
healthy,24,20,6,24
Indonesia,16,17,13,8
Englishman,15,6,1,6
programming,1,10,0,10
incident,6,14,6,7
Eisenhower,8,10,14,22
Khrushchev,19,3,21,22
Gang,22,12,6,24
whale,2,12,20,2
thrilled,15,7,20,14
cricket,18,16,21,2
Marley,12,3,1,17
limit,19,23,15,17
starts,2,15,18,15
Hawks,0,14,21,23
unique,20,21,7,7
Taj,2,18,20,19
jump,12,23,12,24
cry,12,5,7,5
arma,7,24,22,19
ad,0,5,7,8
Town,3,12,7,5
coconut,20,20,12,24
growth,7,13,18,4
Costa,9,10,2,8
Rica,21,10,4,8
currency,11,18,15,18
worms,11,12,1,21
correctly,22,1,7,7
liner,19,21,1,14
continental,18,14,18,20
Judy,20,24,7,24
Garland,6,14,7,16
late,19,23,15,6
Australian,10,15,10,20
youngest,13,16,11,15
equipment,22,22,3,19
toilet,13,0,13,15
Caesar,16,10,14,15
devices,15,3,16,14
Memphis,24,20,12,18
Harrison,19,11,16,19
tune,14,12,20,17
pairs,20,13,24,13
canine,16,23,15,0
Huckleberry,0,17,13,22
guitar,19,8,8,19
attempts,6,20,5,24
Liverpool,2,19,19,23
royal,18,7,20,3
glory,7,5,7,1
Lemmon,24,20,12,2
house,4,2,20,16
mixing,15,9,16,24
vermouth,19,23,12,6
replaced,20,8,21,13
Carol,0,22,7,19
Varian,24,8,18,11
Associates,20,20,11,4
naval,15,10,15,8
1982,17,1,19,15
lies,15,18,12,15
Baltic,3,3,6,19
Computer,13,6,21,8
killing,13,14,24,16
barbeque,19,12,1,21
broadcasting,20,20,18,12
civilization,16,10,17,15
RAM,21,22,3,10
photographer,8,17,13,8
Parker,22,22,7,5
select,0,5,3,7
committee,0,22,7,8
tried,21,19,11,0
fall,11,21,12,12
pages,12,21,21,20
Louisiana,19,10,10,23
Michigan,13,6,11,8
says,19,12,15,17
don,8,11,13,8
major-league,16,19,11,23
wise,19,9,23,17
kiss,8,17,13,0
Trinidad,18,16,4,9
nominated,9,2,18,16
Stock,10,23,2,17
Exchange,19,23,2,19
shared,8,17,11,8
copies,24,21,9,12
fiction,15,12,15,14
1958,14,1,6,19
marrow,5,0,0,11
Leon,10,2,10,14
Uris,23,3,16,13
count,19,11,15,15
chip,1,12,1,1
usually,15,12,1,18
Rick,22,12,1,17
rank,20,8,11,13
among,20,0,24,7
helium,4,15,5,3
Iraq,9,15,18,3
Napoleon,15,9,1,17
expectant,18,13,18,24
Rockefeller,8,24,11,13
files,3,22,3,20
whisky,11,15,12,2
E.,10,19,10,19
soup,8,16,13,0
Wild,17,16,23,8
Bull,17,19,10,0
let,7,0,11,10
lightning,22,1,0,1
Indiglo,6,12,1,12
importer,4,15,19,23
Mills,0,22,4,5
leads,16,23,15,17
Trek,4,8,13,12
social,22,22,1,5
security,7,22,6,19
account,7,14,24,12
annual,13,15,21,9
experts,3,3,2,14
Native,22,1,0,20
stretch,14,12,1,1
Representatives,9,2,20,13
slave,7,12,1,7
lung,3,24,22,16
reading,21,17,13,22
impress,22,0,0,7
active,20,14,21,16
honorary,8,8,10,9
rooftops,5,5,0,7
spaces,8,13,24,24
senator,8,23,11,8
epic,19,23,15,15
competition,11,1,6,17
toes,15,12,1,24
figures,22,22,3,23
Chappellet,20,2,18,4
vineyard,24,2,11,20
Jews,15,7,12,3
WWII,13,15,21,16
Capital,9,7,19,23
Place,9,16,19,9
Lloyd,22,12,5,19
Helens,10,14,10,20
erupt,11,14,21,16
16,12,21,7,7
Gilbert,22,11,1,15
conditioning,6,22,1,7
boys,4,14,21,11
pink,7,12,0,7
steal,10,8,20,3
attraction,12,12,4,17
Hermann,24,6,14,15
M.,22,11,15,17
mosquito,11,15,1,6
articles,19,20,2,24
constitution,15,1,1,17
Ella,12,22,7,10
bull,8,22,24,10
pronounce,22,1,0,23
armed,4,15,10,3
Windsor,9,16,4,23
Jogis,14,12,23,14
postage,18,18,8,7
printing,9,2,21,23
55,22,1,7,1
cane,11,12,1,19
sugar,19,12,1,24
e.g,12,22,24,23
opposite,8,22,4,7
12-hour,3,3,1,20
marijuana,4,14,7,11
diamonds,16,18,19,0
Falklands,20,21,18,13
1979,8,16,19,3
DNA,8,22,14,1
equation,8,16,13,23
E=mc2,7,1,24,1
Scotch,15,18,12,2
closed,22,5,7,5
condition,22,12,0,19
check,22,23,9,7
blacks,13,2,10,20
neon,20,8,13,13
lethal,1,12,0,24
injection,1,1,1,1
broken,23,4,21,1
constructed,7,21,10,7
percent,10,21,24,3
Bulls,19,8,10,18
Revolution,6,0,21,20
deals,11,20,16,18
mouse,12,12,0,1
Capone,16,22,4,19
heroine,21,19,11,0
Scruples,17,8,21,10
Bobby,16,16,2,23
Beetle,11,23,15,24
spins,14,12,0,6
1797-185,8,2,4,3
Homer,13,17,11,15
Hole,10,5,19,14
W,8,22,13,13
Marciano,6,22,6,10
fit,8,8,17,24
background,0,19,4,8
Nile,9,7,10,13
mentor,17,10,11,8
style,5,0,0,7
sort,15,12,5,12
triangle,12,8,10,13
Kalahari,10,10,10,9
500,13,0,7,10
Pepsi,6,12,1,12
Egypt,15,6,1,17
Ranger,19,22,15,0
Yogi,17,17,14,22
idealab,23,5,0,11
lips,19,23,1,0
special,8,19,11,8
fired,21,16,21,0
communist,4,17,23,8
Hungary,18,23,14,7
Phoenix,10,12,21,16
revolve,24,2,13,7
shows,15,7,16,17
touching,15,9,1,14
literature,19,23,3,17
Renaissance,13,10,14,10
sailors,4,18,20,18
Crokinole,13,24,21,13
processor,12,13,24,20
details,3,19,22,3
yards,10,15,6,14
orange,14,12,1,0
juice,19,23,12,24
terry,0,14,5,1
handheld,1,1,7,21
tells,15,12,15,17
Wonders,14,6,16,14
Scouts,7,5,7,5
Rhett,24,20,11,13
leaving,20,0,24,24
Anthony,12,22,7,7
stains,5,5,1,7
Frankenstein,24,8,13,16
loved,19,12,15,0
Gordon,15,23,2,14
besides,19,23,2,17
Dale,21,17,15,17
Browns,0,19,23,0
Cathedral,19,23,3,21
on-line,5,16,22,20
gallons,13,21,6,20
themselves,20,6,11,24
PLO,11,14,24,13
steamboat,11,11,15,2
differences,7,1,24,7
frozen,11,15,12,24
Sarge,15,11,19,14
snail,1,3,1,21
typist,20,13,10,12
holidays,15,11,12,17
dextropropoxyphen,9,21,9,11
napsylate,22,11,5,14
tourism,18,10,4,8
Winnie,22,11,1,17
Pooh,14,11,16,21
distinction,23,22,0,7
5th,0,4,8,13
assassination,24,10,15,0
costume,18,19,13,0
glove,20,0,21,7
Salonen,6,21,9,19
corporation,13,22,11,8
7-Eleven,21,17,8,8
tribe,8,10,23,0
pole,22,11,6,6
per-capita,13,24,24,16
Colombia,20,14,24,8
bar,22,1,3,0
Mars,2,20,5,2
labor,18,8,21,8
goat,24,2,10,12
flows,4,7,2,16
cheese,13,2,10,15
Races,1,11,15,17
birthplace,9,7,4,16
rating,13,21,13,12
loss,10,7,20,16
danced,17,11,11,0
Amazon,7,8,24,20
Yellow,10,18,19,23
Victorian,18,17,17,15
likes,21,17,13,8
Margaret,0,0,7,5
Monet,17,18,15,24
seventh,22,19,1,18
cousins,11,11,23,17
interesting,6,12,1,7
Saturday,22,15,12,6
Live,10,11,2,12
cases,14,7,22,7
depression,3,1,0,1
Hepburn,19,11,12,15
Clay,19,15,20,14
19th-century,17,8,3,17
Lebanon,24,23,14,17
Patricia,21,17,14,17
kidnaped,21,19,8,8
Iron,19,17,13,0
nowadays,3,5,24,7
deal,0,22,1,8
Ice,19,16,4,17
Army,5,22,6,5
sergeant,6,3,6,5
dialing,18,17,18,23
900,20,2,24,20
740-TREE,10,24,23,16
Marco,15,15,20,15
manufacturer,13,8,14,8
vehicles,22,1,6,6
Milton,19,23,2,18
1948,13,16,19,15
Project,12,2,11,13
Sir,2,24,17,16
Edmund,9,15,10,2
decathlon,8,8,11,13
twice,19,11,1,17
credited,13,17,15,18
province,9,2,4,16
silver,13,2,18,16
gallon,4,15,17,3
ton,7,21,24,7
Clinton,3,18,15,15
Bette,19,11,23,13
Davis,10,11,2,15
youngsters,0,22,11,23
proud,3,1,8,5
narrates,8,17,13,8
Treasure,10,11,12,17
satellites,11,1,22,1
front,6,8,6,24
Delaware,22,22,1,8
engineer,8,17,14,8
P.T,21,22,21,22
Barnum,22,22,4,23
diminutive,22,11,3,17
Fantastic,17,17,21,8
boxes,22,23,1,0
sculpture,12,15,5,24
Person,21,17,13,21
Lucy,16,17,13,13
Peanut,17,23,12,17
lawyers,20,2,11,8
Piggy,16,19,23,15
plane,13,17,13,8
Lite,19,15,14,21
east,9,2,20,3
First,22,22,7,1
trilogy,24,10,12,22
layer,19,14,16,24
pressure,22,20,6,17
Communist,16,16,14,8
Party,8,19,23,17
innings,24,0,11,13
fat,7,12,7,24
surname,0,19,14,10
hardest,19,12,6,17
Heaven,0,17,7,5
housewife,18,17,21,8
etc,21,23,0,22
skin,5,12,1,7
1966,24,15,20,24
Mighty,11,22,22,1
Huston,24,12,1,2
Humphrey,22,11,15,13
Bogart,13,9,15,19
meter,22,12,1,20
weeks,0,8,11,13
Dam,9,2,8,16
silent,24,23,1,0
singular,15,1,1,17
Tammy,0,3,6,19
saltpeter,11,4,6,17
truth,19,23,23,15
ham,7,14,0,7
Hibernia,18,18,22,23
Beethoven,15,15,12,24
Hoffman,17,17,21,17
borrow,0,22,7,22
since,13,8,11,3
attempt,4,23,15,13
Munich,24,6,12,24
agency,13,17,11,8
responsible,8,10,13,8
rabbit,15,18,15,24
Jacques,19,11,15,0
Cousteau,17,6,15,18
bank,2,11,1,17
Dutch,22,18,3,17
remain,7,0,5,7
club,0,10,21,13
length,13,8,10,13
T.S,14,14,24,4
bed,10,9,16,13
;,0,8,17,15
Love,10,24,13,13
gymnastics,20,8,21,20
inaugurated,8,17,14,17
Boston,0,22,7,10
introduce,15,23,16,17
cocktail,15,12,12,15
Chile,18,2,18,16
pictures,7,2,9,7
McKinley,9,7,22,9
holes,6,8,13,20
tenpin,18,0,23,2
bird,15,23,1,18
location,9,10,19,9
phenomenon,1,18,15,17
1999,24,8,20,4
Norway,17,23,14,0
various,14,9,16,0
dating,11,12,2,6
crystals,15,18,1,24
anthem,7,14,9,16
cotton,2,7,4,3
Fort,3,15,2,15
Knox,3,15,20,2
bread,19,16,23,0
ends,4,15,16,3
dogs,24,12,1,12
CD,14,15,22,20
NNS,22,18,19,2
groups,17,17,17,22
areas,4,10,4,8
Force,19,18,3,17
raid,24,8,21,0
scientists,6,21,7,11
Bay,16,10,17,9
There,17,10,11,8
Line,10,17,13,8
panel,20,21,6,13
cans,13,0,18,7
1951,16,2,4,16
Ernie,16,17,11,10
Doonesbury,21,8,11,8
sled,4,15,24,16
existence,3,1,2,17
ash,10,7,19,2
diameter,12,15,3,24
shouldn,23,1,0,7
table,13,13,11,12
18,20,0,11,3
havoc,8,19,13,8
Palmer,17,17,15,22
draw,9,10,17,3
statues,15,18,2,15
monarch,8,10,14,8
Dolly,19,17,8,15
Parton,17,17,13,0
Nelson,17,17,13,0
Bakery,24,9,23,17
muscles,20,13,21,7
poll,3,20,1,17
Woodpecker,17,4,23,22
peanut,23,5,4,2
cookies,7,12,7,7
better,10,20,16,17
tin,15,15,1,14
valuable,11,23,1,17
resource,22,1,7,17
math,22,19,7,22
Sierra,9,18,2,14
across,22,11,1,17
Peace,7,20,9,8
donated,19,19,4,1
finger,19,23,15,0
Supreme,6,14,24,20
issue,7,24,11,20
Coca-Cola,19,18,1,17
acne,16,20,1,17
supposed,22,12,1,6
genetics,1,5,7,22
Ball,18,16,23,9
premiered,11,6,16,16
mix,24,20,12,24
land,20,14,21,3
changed,6,21,7,16
swap,0,19,4,23
Gettysburg,0,10,21,17
primary,17,15,1,0
rotary,8,17,13,0
Connecticut,2,7,6,19
employee,19,22,1,17
Belushi,24,6,15,24
Basketball,24,8,21,3
Tennessee,6,21,9,12
steel,24,20,6,12
traditional,15,1,6,24
1853,22,9,14,2
virtual,7,21,0,1
IP,12,5,7,7
holiday,24,21,12,3
caught,11,12,6,11
collection,13,23,17,0
suffer,19,23,2,14
sailor,11,12,1,18
1985,24,23,3,19
Choo,0,1,6,3
trying,0,19,0,1
rent,8,14,11,3
prayer,24,20,20,2
chances,24,20,24,13
pregnacy,20,20,11,16
penis,20,8,21,13
penetrate,4,13,10,16
vagina,20,13,10,16
clip,8,8,13,0
Lewis,2,24,9,14
medals,13,17,11,0
Jordan,10,8,11,3
Some,22,23,1,18
September,24,21,6,5
addresses,3,19,9,7
o,20,24,18,20
'clock,11,7,24,7
athletes,20,0,11,4
condiment,15,12,12,24
Rolling,1,1,22,20
pyramid,8,17,11,17
Nations,6,0,24,5
feudal,5,16,22,1
seas,9,5,20,23
practice,20,8,21,3
Cuba,6,14,22,19
Gourd,24,13,18,24
Brazilian,0,21,0,21
Thanksgiving,22,12,7,5
singles,14,21,22,18
rear,22,1,1,0
Dicken,9,2,18,16
alphabetical,4,2,20,23
category,22,1,6,5
Edith,3,1,0,19
Bunker,0,22,4,5
1971,13,17,13,15
revolutionaries,6,0,9,24
storm,7,21,6,11
Stephen,19,23,23,15
pets,2,12,5,24
Maurice,13,9,21,15
mystery,5,5,7,7
Triangle,12,14,6,20
Comes,16,4,1,21
da,2,2,15,15
grooves,20,8,13,20
dime,8,24,24,15
Cooper,22,22,21,10
agree,21,17,15,8
underwater,8,10,13,8
Girl,17,17,14,8
neurosurgeon,6,14,7,11
mayonnaise,2,18,12,14
doubles,11,1,15,15
emperor,11,12,0,11
print,1,21,1,21
Shevardnadze,8,19,17,17
M,23,0,9,22
People,10,10,19,15
surfing,18,7,20,23
Marshall,12,12,9,7
Astaire,0,17,13,13
1941,13,17,13,16
You,17,22,13,8
Get,18,16,21,8
generator,7,22,7,7
relations,13,20,21,7
candy,5,12,1,7
celebrity,8,17,14,23
Do,17,22,13,8
Believe,0,22,13,10
half,19,17,15,8
gestation,20,20,24,16
deodorant,19,23,1,0
resistance,8,22,14,8
Brandenburg,13,2,10,16
gate,8,2,16,16
Stefan,15,7,19,16
Edberg,15,16,20,16
Crown,13,8,14,22
golden,13,17,13,8
Anything,16,16,18,23
Fraze,24,6,5,24
Gulliver,9,15,18,9
vowel,15,1,1,17
walls,22,14,1,19
fine,11,20,20,12
Cool,6,21,21,7
Pascal,11,21,0,5
We,19,12,1,17
sizes,12,21,24,20
wears,15,3,8,14
Hand,5,0,7,5
rows,20,2,17,13
Victor,16,10,20,5
debate,8,10,11,8
FBI,3,22,22,11
contest,22,2,18,16
disk,7,2,5,12
arch,18,10,21,3
helicopter,21,22,3,8
partner,19,9,11,8
Simpson,13,0,13,3
hazmat,12,14,6,7
centers,24,20,6,24
diabetes,7,21,7,1
citizen,8,17,4,8
proposition,1,14,7,7
really,15,7,20,2
swimmer,18,16,13,22
Beanie,12,0,5,11
Zealand,13,21,13,4
imposed,15,23,19,20
costs,6,12,1,7
Kings,10,7,4,9
nautical,5,21,4,3
parents,4,19,4,5
opened,9,19,10,15
Aldrin,16,10,4,23
Yukon,15,7,22,14
tools,16,4,19,21
station,15,20,2,18
iron,15,15,16,24
Kafka,1,12,5,24
voting,19,23,23,17
Awards,13,17,11,8
habitat,9,2,4,9
Amtrak,9,2,9,13
rail,9,5,17,16
stations,8,10,13,10
tend,22,12,1,24
action,0,22,21,5
pearl,10,20,12,24
drinking,22,12,7,11
restore,7,13,21,24
dinosaur,15,7,15,15
problems,4,7,4,23
hours,15,21,1,24
Simon,2,6,2,14
Q,3,12,7,20
wash,6,20,1,15
all-time,13,8,23,13
Cash,11,12,12,21
Darth,21,8,23,10
Vader,21,17,2,10
Roy,22,11,2,0
smoking,6,0,7,7
becoming,2,7,6,1
hike,10,13,11,13
entire,4,2,10,13
controls,21,17,3,19
Archie,16,17,23,0
statement,22,14,6,11
compared,8,17,15,19
dealer,22,23,0,19
journalist,16,8,13,8
dropped,24,23,12,24
Worlds,17,17,13,10
teenager,20,17,21,15
flavors,20,8,12,12
Nostradamus,12,13,24,16
advertises,1,18,2,21
Martha,16,17,10,17
son-in-law,16,19,14,22
Jolson,16,9,13,19
Flying,17,17,13,10
Ten,13,17,11,8
Commandments,18,13,21,3
sundaes,0,12,1,7
Oklahoma,3,7,20,19
hunting,11,4,15,0
flew,13,17,13,18
stationed,13,17,21,8
database,18,15,13,20
ruin,11,12,1,6
Andrews,0,16,11,10
Canyon,10,19,19,15
Rights,6,2,19,5
graders,10,1,16,2
Myrtle,22,12,12,6
Holy,13,8,23,8
Operation,5,15,22,3
Singing,17,11,23,23
Nun,16,17,14,8
martinis,0,3,0,19
beginning,13,8,11,8
athlete,8,11,15,15
Period,13,0,13,13
Mau,16,7,20,13
hurricane,19,12,0,1
modern,19,23,15,18
calcium,7,1,7,24
Gatsby,19,4,15,18
husband-and-wife,17,10,11,0
faith,8,23,11,8
pineapple,15,12,12,24
park,9,5,19,15
second-most-used,12,20,15,14
pins,18,0,11,7
Louie,24,2,20,16
clubs,20,14,21,13
hungry,7,1,7,1
7-minute,0,14,9,10
Wheatfield,1,19,21,9
Crows,17,4,23,9
nonconsecutive,0,8,15,18
spiritual,17,10,23,8
crazy,22,22,13,8
Cruel,21,10,14,9
Shoes,19,23,8,19
vegetation,24,13,24,20
lustrum,9,8,24,13
ticket,24,20,11,7
Cairo,24,21,13,13
Barbados,13,21,13,2
Naseem,21,8,23,10
Hamed,8,19,14,17
ejaculate,20,8,10,24
24-disc,13,1,0,2
Gabel,3,7,6,2
Entertainer,22,12,12,21
Hohenzollerns,23,3,0,21
kite,0,22,7,1
ticklish,12,14,22,22
Poor,2,6,20,14
Cow,19,11,12,17
Ghana,0,17,14,8
Jaco,6,8,21,13
Pastorius,20,8,11,20
moral,15,12,1,24
wants,15,12,16,6
gets,2,23,1,17
cables,20,8,24,7
Mac,7,13,12,20
rugs,18,7,22,3
rocket,17,23,1,0
Surveyor,3,12,16,2
Sonny,19,11,11,19
Liston,16,22,23,17
succeed,8,0,3,8
bubble,0,5,0,1
wrap,6,12,1,7
USB,21,8,24,21
auto-commentary,14,1,3,1
Dennison,13,2,11,13
alveoli,5,0,0,2
basic,15,23,20,21
strokes,19,12,20,0
wingspan,20,8,24,13
condor,2,2,18,20
280,22,11,17,18
buffalo,8,8,14,0
crew,19,17,1,0
pens,16,4,8,13
Beers,19,12,12,17
X-Man,16,9,13,1
ridge,10,2,22,2
eastward,23,7,4,20
westward-flowing,15,19,19,15
Carrier,22,1,1,14
fossilizes,16,6,5,0
coprolite,19,15,15,6
impenetrable,15,6,0,2
fortifications,15,6,2,2
frontier,6,1,15,17
Chivington,5,5,5,5
sacred,10,7,4,22
elevation,3,7,2,3
Britney,12,0,10,13
Spears,10,0,11,16
magenta,14,20,1,14
referring,3,1,20,14
it-,17,1,12,21
Marijuana,7,3,7,11
tackle,17,17,15,0
Eagles,17,4,21,0
XV,16,11,3,0
effective,7,22,1,1
protecting,7,1,6,5
Ty,16,7,20,3
Cobb,4,2,2,3
crosstalk,14,22,9,7
relate,3,22,7,10
InSb,0,21,0,1
thickness,19,21,6,19
infrared,7,21,7,7
detectors,7,12,6,7
tonsils,23,0,0,22
stuck-out,18,3,10,16
friendly,18,10,4,23
bid,1,12,6,17
Lund,9,15,19,16
iron-covered,19,12,19,14
publisher,2,10,17,20
Now,22,12,6,6
discontent,3,1,23,24
FCC,22,3,22,10
Newton,23,5,7,5
Minow,12,12,5,11
1961,7,21,0,1
Panther,24,11,6,17
Kythnos,0,24,4,5
Siphnos,20,3,0,3
Seriphos,0,12,4,11
Mykonos,0,12,4,11
chronic,17,20,23,14
constipation,19,1,1,14
symptom,17,12,1,14
extinct,11,18,12,17
Ugly,16,11,14,15
Duckling,17,17,23,21
Agra,5,14,4,19
migrates,11,21,0,18
theatrical,5,10,20,16
Roaring,9,5,22,9
Forties,14,18,18,15
video-game,16,10,15,15
hardware,4,23,21,8
monarchy,9,10,22,3
chancery,12,22,4,7
Tailors,5,3,22,7
mythological,11,6,15,12
proficient,22,6,20,18
eligible,8,19,17,8
Roller,17,16,8,8
spermologer,21,6,14,10
chromosome,20,13,13,13
necessarily,8,23,3,8
consecutively,13,8,17,18
Camptown,10,20,21,9
Racetrack,24,13,10,16
anti-AIDS,1,23,12,24
fascinated,11,15,6,17
experimenting,14,18,0,24
neurasthenia,14,4,22,24
BladeRunner,1,3,5,24
CDs,20,21,13,20
Garth,6,24,18,3
funded,3,22,7,1
Oop,13,17,15,10
Moo,0,11,11,17
most-used,1,15,20,18
perfectly-developed,22,22,17,10
dipsomaniac,15,15,16,18
crave,15,12,1,14
typhoid,22,14,0,19
Karl,15,12,5,24
Madsen,11,7,16,24
Vocal,12,0,9,20
Sampling,0,5,9,5
marl,5,12,0,11
mineral,19,23,1,1
myth,15,7,22,16
voices,19,10,13,0
Twain,9,10,22,9
Forests,10,5,2,9
silkworm,15,13,15,6
moth,2,23,1,2
domestication,11,1,15,24
compiled,13,10,3,23
won-lost,18,8,23,9
relationship,12,22,7,7
bingo,5,14,21,5
Sharon,15,20,1,14
Schwarzenegger,1,12,15,24
robbers,15,6,16,2
1930s,20,20,21,16
cows,9,2,10,15
R,2,22,20,23
factors,7,21,6,7
teen,7,12,1,11
Spartanburg,22,5,7,19
Guernsey,9,15,4,15
Sark,23,19,4,9
Herm,23,18,10,15
mare,10,7,20,22
nostrum,8,5,17,22
sitcom,15,20,16,6
Alyssa,11,6,0,14
Milano,2,21,22,21
Danza,2,12,16,24
cuckquean,23,12,9,7
Bernoulli,5,22,6,5
Principle,12,12,9,5
fifth,0,1,24,16
sense,23,0,24,7
Hamilton,0,8,11,10
Crimean,5,6,0,14
snack,15,12,1,24
ridges,15,6,2,17
Nordic,10,18,22,14
melancholy,17,9,15,18
Dane,21,17,15,8
Teflon,6,0,1,10
pan,5,0,1,7
Swing,0,11,13,21
miniature,15,18,1,2
Tampa,22,20,1,3
beers,19,11,2,19
tornadoes,23,21,6,7
blend,15,15,5,24
herbs,15,15,1,24
spices,15,18,12,24
Romania,15,5,19,4
wart,5,5,1,20
Christopher,4,10,20,3
Guam,16,15,19,23
feeling,19,20,1,17
Mayan,10,10,4,2
thefts,4,2,22,15
bucks,7,12,24,7
nylon,6,13,10,24
stockings,20,2,10,3
values,7,21,7,7
fingernails,16,4,1,0
Olivia,21,11,13,17
Havilland,13,9,8,10
SHIELD,8,18,24,9
Diana,12,0,20,13
Dennis,19,17,15,15
Menace,16,11,17,8
costliest,15,12,16,6
disaster,1,12,12,18
industry,24,21,15,21
faced,24,1,6,14
banking,6,14,7,7
wasn,19,12,6,6
Indianapolis,4,5,20,15
yet,15,12,16,12
zoo,9,2,4,2
premier,1,17,11,17
chickens,11,12,0,19
chicks,7,1,1,1
Uruguay,21,18,4,3
amezaiku,24,1,1,17
vice,21,22,15,8
KDGE,15,18,22,23
conjugations,15,8,2,6
woke,19,11,20,6
Winston,16,17,15,22
Sinemet,22,4,23,2
slow,7,12,7,1
aging,12,12,1,24
Iraqi,20,6,6,3
Knight,24,11,16,6
Ridder,15,9,15,2
fire-and-brimstone,17,19,23,9
monk,8,8,13,0
burnt,13,19,4,0
stake,19,23,14,8
Sleeping,9,6,10,20
acres,20,14,11,20
Cody,13,17,11,0
destination,9,21,16,16
Grapes,4,16,10,23
Wrath,23,7,2,9
corridors,20,13,9,16
Pentagon,20,21,11,16
debt,8,8,11,15
claiming,20,2,11,16
bankruptcy,13,2,21,9
mustachioed,17,9,15,0
Frankie,0,17,13,13
Makepeace,24,15,12,6
Thackeray,15,12,19,6
Kubrick,24,12,12,2
Douglas,10,5,18,3
McArthur,16,24,19,5
recalled,9,5,22,16
Pound,17,10,23,18
depended,8,23,11,22
quarts,10,8,1,24
needed,6,20,6,3
threat,11,12,6,17
otters,11,12,1,2
fabric,5,21,1,7
entries,13,19,21,8
1669,13,23,4,9
sine,7,22,22,5
Braille,5,10,4,12
things,22,12,0,5
RCA,12,8,14,21
advised,21,23,13,8
listeners,8,10,11,8
Chevrolet,13,22,11,0
McQueen,11,11,5,6
G.,22,11,5,17
Cincinnati,24,20,6,18
four-volume,0,17,10,22
shipment,13,19,15,19
Spice,15,12,12,14
Angelus,5,12,22,5
archenemy,16,19,15,17
DiMaggio,24,0,11,7
compile,4,21,11,13
56-game,18,14,11,13
streak,24,20,24,13
frogs,15,11,23,2
punishment,22,23,1,0
Die,18,17,13,17
Hard,13,23,13,8
Wassermann,15,9,15,2
specific,3,18,2,24
Sweet,17,23,23,17
Pea,17,10,23,5
suffrage,13,20,11,7
5.9,10,5,20,14
Child,13,15,13,19
Deadwood,19,10,15,0
taught,21,22,11,0
Matt,19,17,21,0
Murdock,16,22,11,8
extraordinary,15,10,15,17
abilities,17,10,2,8
VDRL,7,5,22,11
owning,17,10,8,17
Herbert,23,2,2,16
capitalism,6,5,7,7
Max,12,22,7,5
Weber,7,22,6,7
photographs,3,5,1,7
goodness,19,23,1,0
crypt,13,23,21,0
beneath,8,16,13,1
rotunda,16,17,11,0
travelers,18,17,17,17
afraid,15,12,6,17
Getting,23,23,18,3
Married,18,16,18,3
Today,2,16,18,3
nearest,10,5,19,9
bowler,19,15,15,14
facing,11,6,6,24
37803,11,18,14,14
3-pin,14,18,12,11
on-the,14,1,0,6
D.H.,1,12,1,6
Tenderness,1,18,15,14
Keck,16,2,4,22
telescope,18,2,4,2
writ,3,12,5,18
Maggio,16,19,23,0
heliologist,19,0,20,14
cleaner,8,16,3,3
Mia,18,11,23,17
Farrow,21,19,17,5
bible,1,1,20,0
boxcars,22,14,0,20
Grace,14,20,6,15
Metalious,24,18,16,11
Chance,7,22,22,23
Animals,14,5,22,1
Mile,3,15,2,15
Fahrenheit,7,24,24,7
centigrade,20,24,5,7
microprocessors,12,0,4,1
microcontrollers,7,0,4,10
shrubs,15,20,1,24
Johnnie,13,17,13,15
Walker,10,0,11,13
Label,13,8,12,20
Sutcliffe,16,8,14,4
Nitrox,0,21,7,19
diving,6,21,6,7
Enemy,0,10,17,8
clay,15,18,1,12
mixture,15,23,1,24
china,2,23,14,18
dressed,16,19,1,0
once-a-year,16,19,15,1
affair,18,23,21,15
Winters,16,17,15,23
snakebite,24,24,24,4
poisoning,8,24,24,16
Aztecs,22,1,9,5
Gods,7,7,22,5
Boards,7,3,7,5
aol.com,12,0,5,21
yahoo.com,0,22,7,19
tournaments,11,23,6,0
guidance,21,23,17,8
systems,8,17,2,8
JPL,16,22,8,10
possum,2,12,1,6
debts,11,2,21,20
Qintex,7,1,24,15
incubate,8,8,18,24
199,2,20,16,17
Bandit,11,15,20,20
scores,9,19,2,23
Salk,17,23,16,6
reflectors,12,21,6,7
Mackenzie,10,24,10,14
virtues,23,7,24,20
safety,22,23,11,0
screens,7,21,1,7
doctors,6,19,7,11
diagnose,12,12,0,10
plagued,1,7,15,17
Foreman,6,11,12,12
victim,1,6,15,6
Dita,21,9,23,23
Beard,16,9,14,0
darkness,15,12,1,18
refuse,19,20,6,17
Rule,23,12,9,19
Stardust,19,9,8,23
MiG,10,7,15,17
dirty,2,9,1,24
Home,10,7,2,3
Wines,23,16,10,2
Blackhawks,23,7,19,3
maintain,4,10,19,3
Wittenberg,15,1,15,14
firemen,6,5,9,7
Fe,9,7,19,16
Sebastian,24,6,2,6
forfeited,20,14,24,7
Micronauts,16,8,14,9
traveling,8,10,15,8
Microverse,0,10,9,22
traffic,18,17,4,8
cone,8,11,14,0
twenty,20,8,11,20
coin,8,2,21,15
Run,0,22,15,0
Daylight,16,17,13,23
knows,11,12,6,17
attacked,24,8,10,8
learned,19,10,21,8
saxophone,8,8,13,10
wealthiest,4,2,20,23
'd,22,23,21,0
lovely,0,10,10,0
Buffett,18,13,18,13
concert,6,8,12,16
Camden,10,20,11,9
NJ,6,21,21,7
Soft,19,9,13,8
Self-Portrait,13,10,10,17
Grilled,21,4,10,15
Bacon,19,9,10,15
transcript,3,22,7,8
zipper,5,21,1,11
Turks,22,19,21,3
Libya,23,10,18,13
wop,19,5,9,11
collectible,24,2,17,3
Duck,19,13,9,7
Boat,11,24,10,9
trigonometry,0,22,22,5
eliminates,19,21,1,14
kills,1,18,12,17
germs,19,20,1,17
mold,19,23,1,16
mildew,19,21,1,14
Sweden,9,7,4,3
Finland,15,10,19,3
Algeria,11,6,12,17
injury,24,20,11,4
lawsuit,24,8,11,15
nanometer,12,21,6,1
keyboard,15,4,12,12
Amazons,15,7,4,9
three-letter,4,21,11,7
permutations,20,8,11,24
pepper,11,15,12,0
Europeans,23,12,24,1
Oceania,0,3,7,1
B.Y.O.B.,16,16,11,21
roses,4,10,10,15
painful,19,12,15,24
scale,15,15,15,15
earthquakes,14,18,20,18
Smelly,2,5,24,12
onetime,8,9,11,13
socialism,8,10,11,0
Ninety-Five,15,2,17,2
Theses,9,10,2,2
Inoco,4,2,10,15
ladybugs,15,6,1,24
Burr,16,22,4,17
lions,9,14,24,7
Seuss,19,6,19,15
SAP,8,12,0,21
Piccadilly,9,10,17,15
Quebec,14,5,9,23
Forsyth,10,3,1,2
toppling,11,15,6,11
mercenaries,4,12,5,18
sixties,0,9,15,0
appendix,7,1,7,11
juices,20,13,1,7
Punch,19,8,13,12
bulls,20,2,24,16
Pamplona,24,14,10,16
Groundshog,18,3,17,11
Andie,21,17,23,17
MacDowell,18,17,15,10
chronicled,1,12,15,6
Katy,14,12,16,6
Holstrum,19,4,23,11
Glen,1,20,20,15
Morley,14,18,16,2
late-night,15,20,15,11
Bud,19,20,9,19
Melman,24,20,6,2
Toast,15,12,12,21
Stick,2,23,12,17
violent,22,5,0,5
ribavirin,11,23,16,18
Collins,24,20,11,3
airplanes,24,11,1,6
zeros,20,13,21,20
trillion,4,21,11,24
Marino,18,15,20,3
murdering,20,8,7,13
Janis,17,20,20,17
Joplin,19,15,5,18
skater,18,8,13,15
sleet,5,14,0,23
freezing,7,14,0,7
justice,8,10,15,0
beholder,11,0,0,6
cholera,19,15,12,17
flatfish,19,9,12,14
oftentimes,5,14,7,7
dropping,7,14,0,5
principles,15,23,1,17
Research,1,21,2,6
Learning,22,18,1,21
IRL,3,12,1,6
insanity,10,23,16,17
cecum,14,0,24,19
sagebrush,10,10,4,20
might,19,12,2,15
friction,6,22,7,7
4th,13,24,11,13
Folies,13,23,4,9
Bergeres,13,3,10,21
gemstone,1,18,12,24
co-pilot,0,3,9,11
Enola,11,3,9,11
Clock,0,19,17,10
non-fiction,1,6,5,12
1954,24,1,6,2
Spider-Man,12,9,18,13
evaporate,8,14,21,9
duck,11,0,7,7
Hallie,11,12,1,14
Woods,6,11,6,24
talk,21,8,13,8
obelisk,20,8,11,15
elk,21,2,1,0
Englishwoman,13,9,3,17
168,9,2,17,13
crown,10,7,20,16
rent-a-cars,19,5,10,21
Warlock,11,6,16,24
forehead,19,12,1,14
compounds,7,14,7,24
steering,22,1,7,20
hyenas,9,5,10,2
Pluribus,23,1,5,11
Unum,5,5,4,11
penny,23,21,7,7
Aeul,8,6,12,4
scar-faced,16,17,10,13
zodiac,15,20,15,24
Community,13,20,23,8
Chest,7,13,18,9
button,19,12,16,14
cap,2,23,1,14
gills,11,12,2,11
trinitrotoluene,11,16,15,12
hijacking,3,7,12,6
Lynmouth,1,5,22,11
floods,7,5,24,5
cheery,0,19,4,0
fellow,17,10,11,8
9971,13,19,10,8
Postal,8,19,8,21
prenatal,10,20,16,24
defensive,16,16,21,3
Diplomacy,16,7,19,9
Vladimir,15,20,12,17
Nabokov,14,6,5,14
Professor,6,6,9,17
Humbert,24,3,15,14
12-year-old,11,6,1,11
Scholar,18,17,13,8
gringo,1,12,22,7
ancients,14,1,5,14
incorporate,18,2,4,3
opposition,8,8,23,17
Konrad,21,22,14,18
Adenauer,13,9,17,1
Chancellor,16,3,15,15
Gina,0,5,7,7
wind,24,23,6,2
AAA,13,2,11,20
liability,24,14,21,16
stained,24,24,21,13
window,13,13,6,20
barnstorming,6,14,4,20
Clara,17,16,14,1
Barton,17,17,11,23
Janelle,0,5,0,12
arab,0,0,6,7
strap,6,22,6,7
estuary,11,21,1,2
distilling,24,4,3,0
appears,15,23,1,17
cold-water,11,23,6,14
tap,1,12,16,18
lump,7,12,0,5
whip,17,16,13,0
historically,4,7,4,15
thin,23,14,1,7
accidents,24,2,24,16
troilism,11,7,6,5
Minnesota,17,17,11,18
Twins,0,17,14,18
Scott,22,15,6,19
194,2,12,1,24
brontosauruses,11,8,22,3
flightless,15,23,23,6
cuckoo,15,18,0,24
five-team,4,2,10,13
round-robin,18,8,11,20
hiccup,12,21,24,1
required,15,7,1,21
1879,14,20,12,2
eight,15,1,1,17
1880,11,15,9,24
1881,24,6,9,2
Wee,24,0,18,20
Winkie,24,20,24,20
highways,20,21,24,7
didn,7,12,7,7
industrial,12,21,6,7
guitarist,17,8,8,0
weakness,19,12,23,17
Galaxy,18,13,11,16
revolution,8,2,21,16
reputed,8,23,17,8
violins,13,19,14,15
technical,1,23,6,8
Vehicle,1,22,9,23
Ms.,21,16,24,12
Deep,10,21,2,14
Throat,16,6,1,14
clone,2,7,16,6
provides,15,20,1,21
larynx,19,18,5,17
Scottish,8,17,17,15
Louse,17,10,23,22
ruled,9,19,4,23
Confucius,22,17,14,15
athletic,19,1,1,14
trainer,24,20,6,12
Wordsworth,17,8,2,22
burns,19,23,12,6
Dudley,19,11,20,18
Do-Right,19,15,15,6
goulash,5,12,0,11
battleship,11,5,4,20
ferret,8,2,24,4
lottery,24,2,21,3
fairy,17,11,13,3
Snow,17,11,3,23
Yaroslavl,13,15,11,13
Gompers,16,2,18,9
plural,15,1,3,0
nonaggression,18,20,21,11
pact,4,20,21,16
mainland,9,7,10,7
syringe,20,14,7,20
medicinal,10,14,7,24
kidnaping,0,23,17,23
termed,8,23,23,17
Crime,13,22,15,17
Ivan,11,23,12,6
IV,19,11,1,14
expansion,24,7,15,18
Barbary,22,12,4,19
Saratoga,19,9,8,15
Kindergarden,13,8,23,21
Jennifer,22,12,20,12
ruckus,0,4,11,0
Woman,19,17,14,15
complemented,15,1,6,2
potatoes,15,12,1,12
peas,15,12,1,24
Thank-you,11,20,20,17
Cayman,3,4,4,15
emblazoned,11,1,1,0
Jolly,17,6,16,17
shadows,15,12,2,0
Lucelly,19,9,5,11
Garcia,20,24,11,16
Honduras,24,14,12,8
nitrates,5,5,0,19
environment,12,22,4,7
brothel,16,17,15,19
pH,7,12,13,14
priest,8,16,4,0
Marxism,19,9,23,8
District,3,22,7,19
coney,14,11,20,17
wet,7,5,1,1
dream,7,12,7,7
report,3,5,6,23
successfully,8,23,3,0
commandant,1,22,4,0
POW,8,10,4,17
Stalag,16,8,15,17
Corbett,24,20,12,17
1892,22,6,16,2
twin,21,4,15,0
Artemis,21,17,15,22
shortstop,0,23,11,3
ancestral,8,10,14,17
overlooking,17,23,11,0
Hyde,1,17,11,0
assassin,11,20,12,16
tumbling,24,23,15,6
Scarlet,0,17,14,8
Letter,19,17,8,8
Wilkes,4,7,22,16
plantation,9,2,4,9
sought,8,23,15,8
Walt,23,0,9,5
none,7,0,24,7
employees,0,21,22,5
bills,8,23,17,15
entertainer,8,17,13,0
touchdowns,8,11,23,18
electronics,8,8,21,8
turnkey,6,14,6,1
bottled,19,1,12,0
jeroboams,21,10,19,19
brown,2,12,1,14
bullheads,11,18,12,17
Socrates,22,22,5,22
2-foot-square,24,11,13,18
tent,8,13,10,13
Bernini-Bristol,9,12,15,5
Hotel,9,10,22,9
alley,10,5,20,13
Motto,22,0,24,10
truly,1,22,7,7
star-faring,19,13,23,2
Inhumans,14,23,16,17
ski,14,16,20,14
Dolomites,18,19,10,16
Tristan,22,6,12,6
Globe,5,21,22,23
Theatre,22,3,22,5
burn,7,14,7,1
Ukrainians,11,8,10,13
prisoners,20,14,21,7
beating,13,16,14,23
1977,13,16,13,0
Song,0,17,13,18
Solomon,16,17,21,15
wick,23,0,1,7
stay,6,20,24,24
writer-journalist,21,14,21,17
describing,21,10,10,8
Final,19,1,2,14
Peugeot,14,23,2,2
rites,15,12,1,2
accompanying,19,6,12,0
circumcision,22,12,12,2
newly,15,3,16,17
born-child,2,15,3,21
Judaism,22,7,1,17
bears,11,12,1,2
Goldilocks,15,6,0,17
quickest,15,11,16,21
nail,10,15,1,21
polish,15,23,1,0
translate,19,12,20,14
exercises,19,6,6,0
usenet,22,1,9,11
Weir,18,19,11,17
drunken,13,8,21,16
drivers,20,20,21,20
criticism,7,0,7,5
tumbled,4,5,6,19
marble,18,21,7,7
abundant,19,23,1,0
cherry,11,7,12,0
attire,22,12,6,6
pothooks,1,16,6,23
cowboys,6,12,20,18
Grimace,16,18,20,14
Mayor,15,5,20,15
McCheese,16,3,20,15
Anka,12,0,0,11
Karenna,8,4,10,18
Petrified,10,7,22,16
phonograph,13,8,14,22
Goldfinger,16,8,13,0
cd,7,1,0,20
Eminem,12,0,0,16
slim,7,0,24,7
shady,4,14,6,1
Is,7,22,7,11
Garmat,21,17,11,9
profit,13,22,15,8
836,13,8,4,10
commercially,11,23,16,24
Bayer,2,6,6,14
A.G.,2,6,12,2
Leverkusen,14,6,6,14
vichyssoise,6,12,5,17
parachute,6,1,0,1
shag,11,4,15,6
Squares,0,9,14,8
Collector,13,17,23,21
Belize,9,10,19,2
J.D,7,3,0,11
LL.M,8,1,7,23
jar,12,12,1,7
hen,11,2,0,9
Redskin,19,18,15,14
fan,2,9,20,0
Tyler,12,12,9,6
Tadeus,23,6,12,14
Wladyslaw,11,6,5,24
Konopka,15,6,12,14
Win,23,22,6,5
Rah,7,22,0,19
Iberian,5,2,2,2
enrolled,20,2,11,20
affected,19,16,15,8
Exxon,19,8,15,18
anti-locking,14,19,4,22
brakes,7,1,6,6
shoplifts,21,19,8,17
radioactive,10,23,1,17
sunk,11,21,16,2
Havana,24,21,12,16
causing,22,20,0,14
PSI,24,22,15,10
Rams,16,8,23,10
Onassis,22,20,20,2
yacht,11,12,20,11
enthalpy,22,22,0,19
reaction,22,5,9,7
monarchs,9,5,22,9
crowned,9,16,22,16
stem,7,5,7,19
aborigines,15,7,10,9
menus,14,21,7,7
Chaplin,13,17,11,22
Modern,22,10,14,15
Dictator,18,17,17,21
retired,13,0,15,18
755,21,8,15,10
motor,7,22,4,7
folklore,15,1,5,17
Tyrannosaurus,8,8,10,13
Rex,8,8,18,4
Yesterdays,17,19,23,9
fivepin,12,18,11,9
Chiang,9,10,4,19
Kai-shek,18,19,22,13
Hispaniola,9,10,4,1
shots,10,2,13,13
M16,13,13,10,20
terrorized,4,19,4,16
Stalker,23,7,20,23
talking,20,20,11,13
Hemisphere,3,5,22,23
Russian-led,5,5,10,20
boycott,9,5,19,15
vegetables,15,23,1,19
combined,19,23,1,0
succotash,19,12,1,24
locomotive,2,5,4,2
terror,24,12,16,17
Horton,14,11,5,6
dramatized,15,23,16,14
Langerhans,14,4,23,14
Crown-winning,15,19,15,24
Belmont,24,20,12,17
Stakes,15,11,12,17
Secret,0,23,3,17
Mitty,16,11,23,15
pass,13,2,11,7
Copyright,24,21,11,20
barroom,16,8,21,23
judge,13,8,13,8
Pecos,24,17,11,0
figs,7,1,1,7
ripe,7,1,1,5
Garfield,17,19,11,19
Ismail,10,19,19,5
Farouk,10,15,22,7
Imam,13,17,14,0
Hussain,21,8,14,17
Shia,0,8,14,0
somebody,12,12,7,7
zoonose,24,20,1,17
tailoring,10,2,2,3
mostly,17,23,12,0
five-zone,20,21,7,11
archery,4,2,24,0
jack,1,18,20,2
colt,24,15,16,0
urban,7,0,6,7
Mountains,9,7,4,9
Korean,5,10,22,15
Kimpo,18,2,4,5
thee,22,1,4,6
asthma,12,0,24,11
Angelica,4,15,10,2
proper,6,14,7,7
respones,5,5,24,11
Say,7,21,7,23
goodnight,0,12,7,6
eaten,19,1,1,6
thumb,7,12,0,7
Historical,5,2,8,2
Czech,15,6,12,17
hobby,18,10,13,0
pulp,15,21,16,2
boss,21,11,21,8
ostriches,7,1,4,7
maids,20,20,10,7
milking,20,2,21,7
spoke,8,17,10,0
syllables,20,13,13,12
hendecasyllabic,12,22,20,15
Jinnah,16,17,11,0
Dondi,21,10,21,10
adoptive,0,19,4,8
grandfather,16,17,11,0
deepest,10,10,2,9
martyrs,16,17,23,0
livestock,24,15,12,17
endurance,17,23,4,17
second-highest,4,5,20,9
Theresa,16,19,13,10
answers.com,22,5,5,10
pharmacists,1,14,7,11
elevators,24,2,20,7
Building,4,2,18,3
rice,7,12,7,7
molybdenum,5,21,6,10
tender,21,23,1,8
resignation,0,19,15,15
Albee,11,15,5,24
full-length,15,3,16,17
jets,7,21,1,10
vapor,6,21,6,7
trail,1,12,9,11
abbreviate,14,14,24,11
cc,7,16,20,12
founders,19,22,11,0
Artists,17,17,14,8
satelite,1,1,22,22
1815,2,6,12,2
echidna,0,5,24,11
attends,8,19,23,0
Pencey,16,19,21,17
Prep,22,4,10,22
boat,17,17,3,9
gopher,8,10,17,8
wood,13,13,13,0
Katie,22,12,6,5
Reflections,14,18,2,15
chiropodist,16,6,16,6
consisting,15,6,1,0
35,22,11,1,24
lobsters,9,18,4,9
foreigner,7,12,24,7
casting,18,23,13,23
sun-blasted,9,18,4,23
14-mile,4,18,4,9
valley,10,7,20,2
Mojave,23,5,4,16
wallpaper,11,9,8,0
paleontologist,10,8,10,13
hostage,15,20,6,0
taking,11,23,1,0
Schoolhouse,9,19,22,2
double-O,0,0,9,11
indicate,7,0,7,7
007,0,0,9,5
bells,6,13,12,9
Tootsie,17,23,15,15
explorers,17,10,11,0
Guess,0,11,8,10
Coming,0,11,14,8
Dinner,17,17,10,15
bith,4,7,16,9
atlas,4,10,17,2
charge,2,19,22,15
1925,13,0,4,5
T.,12,22,1,5
Loomis,1,15,2,17
Marion,10,15,4,15
rowing,23,14,7,5
electronic,15,23,2,21
visual,15,9,20,12
displays,15,20,2,0
corresponding,15,23,16,0
signals,15,18,15,24
By,13,21,13,8
rise,20,8,18,4
barrier,8,23,17,0
behavior,15,20,0,2
violates,15,23,1,17
accepted,15,9,1,21
standards,15,23,2,17
morality,15,9,5,18
Tiffany,12,3,7,7
erupts,4,5,4,16
hour,9,18,20,3
Yellowstone,9,5,4,16
Hans,17,10,13,22
Henderson,8,17,11,15
D-DAY,12,5,0,22
Phillip,22,21,7,5
Kramer,12,22,6,5
Yiddish,21,9,23,23
Theater,21,10,14,10
Med,3,15,17,3
experience,6,22,4,5
sourness,19,4,12,14
Heineken,9,16,19,16
biceps,22,0,0,10
prefix,8,16,14,12
surnames,4,17,14,23
Neal,22,11,6,15
martini-drinking,15,23,19,14
Bernard,2,11,20,2
extinction,11,1,24,1
Prewett,21,19,8,13
butcher,11,4,20,3
handful,15,23,12,0
Rubens,10,5,10,9
Dyck,9,15,10,16
Bruegel,3,2,10,9
citizens,4,2,22,15
Freidreich,10,24,5,5
Wilhelm,9,19,19,3
Ludwig,9,19,10,16
Leichhardt,9,18,19,15
Prussian,15,19,10,20
extension,15,23,16,21
.dbf,22,20,0,1
recessed-filter,24,1,1,0
calls,15,14,20,3
facility,24,20,19,17
ballcock,16,15,5,2
overflow,22,15,1,2
myself,7,1,24,1
manicure,23,21,5,7
officially,11,21,11,7
predicted,24,23,2,14
topple,11,15,20,17
2010,24,12,20,6
2020,15,6,16,17
OAS,21,22,24,21
combat,24,1,5,14
sprouts,15,7,10,3
Tatiana,6,0,7,1
entered,9,5,19,16
Parrot,15,18,19,18
Beak,19,6,5,6
akita,24,13,23,16
multimedia,6,21,7,10
Hinduism,21,17,2,8
Jeremy,13,6,11,16
Piven,8,24,10,4
ready-to-eat,15,18,12,14
Of,13,21,18,16
decompose,8,14,21,16
Natick,23,16,17,23
involves,3,12,1,21
Gibson,1,12,9,14
breaking,4,14,21,16
mirror,7,13,13,15
Candlemas,12,22,4,1
aquatic,3,21,6,2
scenes,12,23,1,7
Springs,22,20,22,20
televised,15,1,23,6
Ed,19,17,15,23
allegedly,13,19,11,3
obscene,18,19,21,22
gesture,8,19,15,0
multiplexer,7,5,4,7
bigger,11,12,15,14
thighs,15,12,1,14
Wallbanger,16,17,11,10
tenths,13,24,20,20
up-to-date,18,10,17,3
preferably,8,9,17,14
erotic,21,10,21,7
alternate,19,1,16,24
Field,0,10,8,8
Marshal,13,19,14,0
Erwin,21,11,13,10
Rommel,24,19,17,10
d,19,23,14,22
'etat,16,23,2,21
Protestant,15,20,12,18
supremacy,11,12,1,2
trading,14,4,6,24
penny-farthings,12,15,3,20
Bavaria,3,7,10,16
Retrograde,5,22,9,1
psychologically,12,14,22,7
cross-your-heart,13,23,4,1
monsters,4,5,22,16
heat,23,1,1,7
twirl,17,11,0,24
requirement,3,22,22,19
stethoscope,8,19,21,9
bras,14,21,24,6
hairless,7,0,1,7
craft,4,12,20,21
captained,11,1,1,14
Ernst,8,6,12,17
Lehmann,14,15,6,2
Brandt,16,22,23,4
Rev,13,11,17,10
Falwell,17,22,11,15
Testament,14,1,12,0
Masons,8,19,14,10
garden,7,11,3,7
Lai,16,22,13,17
gravity,19,9,2,0
overalls,11,1,6,14
Dungri,14,20,16,14
suburb,15,20,12,6
row,22,14,12,15
laundry,4,18,4,19
detergent,15,18,4,14
Best,13,17,13,15
Actor,13,17,13,23
Gin,24,13,13,15
Rummy,18,17,11,3
Arabic,12,10,7,10
Numerals,23,0,0,23
Havoc,17,8,8,23
optical,12,21,0,7
dare,3,12,20,6
knock,19,12,12,6
shoulder,19,4,1,0
Doyle,1,12,15,2
lakes,10,14,21,20
compass,0,22,4,22
climb,9,2,20,14
Nepal,18,19,22,5
deranged,17,19,13,1
super-criminal,21,10,17,4
Otto,17,17,10,0
Octavius,16,17,13,10
Abigail,22,5,4,5
Arcane,22,7,24,5
villainous,5,5,0,1
opponent,12,5,7,23
Swamp,1,5,22,5
imitations,13,17,23,0
jellies,18,23,4,0
jewelry,11,18,20,24
pictured,22,11,6,14
Luxury,11,18,2,6
Tax,3,12,2,21
unusual,14,22,0,7
V-8,7,1,9,20
Juice,7,5,7,5
slogan,7,14,4,3
tastebud,5,3,9,11
manifest,12,5,24,7
latent,12,5,24,7
theories,22,1,5,11
Adventours,16,2,5,15
Tours,10,10,22,13
Filenes,23,10,17,23
achievements,19,1,6,21
half-life,7,0,7,7
P-32,7,3,4,22
pub,0,17,21,0
Archimedes,12,22,6,1
Gran,2,10,4,16
Bernardo,2,2,2,16
prisoner,16,19,13,17
refugee,8,17,8,17
embassy,8,10,14,17
1956-1971,8,4,3,8
Plain,5,18,10,3
Dealer,10,22,19,3
second-longest,5,7,10,14
Pokemon,2,5,19,5
hives,23,5,1,7
cranberry,7,0,1,24
bogs,5,5,24,7
Plymouth,10,6,12,8
curies,7,0,22,11
e=mc2,12,7,6,7
tape,10,18,20,3
understand,4,10,19,23
Coney,13,13,10,13
boardwalk,11,13,21,13
funnel,6,5,4,7
Cos,0,22,7,11
Cob,0,22,22,20
CT,5,21,22,19
studios,20,10,5,13
collective,1,23,1,18
noun,22,1,1,21
neurons,20,13,13,24
Seine,9,5,4,9
pedometer,15,15,23,2
239,2,5,4,5
48th,4,7,20,2
accompanied,19,17,14,19
Ghost,13,10,8,10
missions,16,10,4,8
polyorchid,1,1,7,17
SVGA,7,5,24,11
adapter,7,5,7,7
Rockettes,5,16,22,16
Knute,16,17,23,22
Rockne,0,17,23,19
aircraft,6,21,1,6
carriers,22,12,1,14
Nevil,24,12,15,14
Shute,17,6,15,14
doomed,2,20,15,17
survivors,1,23,20,14
Chernobyl,12,13,9,4
accident,4,20,11,15
Flu,10,7,18,16
stubborn,15,20,1,17
gummed,19,18,1,14
diskettes,14,15,16,21
401,0,21,4,1
jeans,14,12,20,24
Calvin,14,20,23,2
Klein,12,12,12,6
comfortable,15,21,1,14
tannins,7,12,7,10
chairs,7,3,7,19
Qatar,18,16,17,23
flintknapping,14,22,0,20
currents,7,22,1,7
Shetland,11,14,24,11
Orkney,14,3,24,12
verdandi,7,22,8,7
Guadalcanal,16,15,19,16
treated,22,14,1,1
happy,22,1,1,17
drafted,6,2,11,3
cyclone,18,5,2,5
8/28/1941,13,16,9,5
logarithmic,20,8,17,24
scales,13,13,13,20
slide,8,2,13,16
Gustav,18,4,22,16
V,10,7,2,23
195,2,2,4,3
Durante,19,12,6,14
MORMONS,18,24,23,13
Count,17,9,15,22
Cinzano,17,9,17,9
86ed,12,0,24,11
waste,10,13,21,7
dairy,20,2,18,7
cow,24,2,10,15
centurion,2,6,12,2
Corvette,13,15,21,4
LAN,12,3,0,21
activated,12,0,9,14
HUB,22,5,4,12
Moog,18,4,4,22
Synthesizer,0,8,14,22
freckles,20,24,24,24
Sao,22,23,2,11
Paulo,22,21,12,6
rocks,7,14,0,1
pies,16,23,8,15
wound,16,9,11,15
manufacturing,18,23,15,15
throwing,17,16,11,0
laid,21,23,13,8
melts,15,23,1,14
scientific,15,19,7,15
papers,3,19,8,3
textile,4,2,20,3
ecological,3,21,6,7
niche,7,0,24,7
extends,15,10,2,15
Alabama,10,2,19,15
sparkles,18,16,4,23
foreign,4,10,4,3
financial,4,2,2,23
Isis,22,6,1,1
funny,7,12,7,1
squares,15,2,6,13
cranes,11,21,6,19
high-rise,3,12,6,7
gangsters,16,10,17,8
Bonnie,21,19,23,19
Clyde,17,22,15,15
Jellicle,22,1,4,7
nutrients,19,23,1,24
supercontinent,8,21,11,13
Pangaea,13,24,5,20
break,20,0,21,15
puzzle,15,12,16,14
1913,11,1,16,2
corgi,15,11,16,9
Yemen,20,14,6,16
reunified,20,14,10,24
spears,13,13,10,12
Kenya,7,20,13,15
Inuits,9,18,10,9
seafaring,4,15,4,9
megawatts,7,14,6,3
consortium,20,21,11,13
Mission,6,13,12,4
Energy,6,21,7,24
Hawkins,19,23,1,14
1562,2,23,12,2
flogged,13,17,11,0
Inga,17,22,13,19
Nielsen,17,19,14,10
after-dinner,15,3,12,2
1916,2,6,3,2
Jung,11,1,1,17
noodle,15,12,16,24
factory,14,15,6,7
coot,17,4,15,24
worlds,10,10,2,16
supplier,4,7,8,16
cannabis,4,15,2,3
inspiration,17,10,11,15
schoolteacher,13,8,23,0
Poets,17,17,11,15
Uncle,0,17,21,0
Duke,8,9,15,15
Honey,0,23,1,17
canning,12,24,7,7
summit,3,5,6,11
conference,1,22,21,8
Bellworts,22,5,10,17
quantity,12,0,24,7
JFK,0,9,12,10
Darwin,9,5,19,16
bullets,15,23,16,0
Pump,2,18,6,24
rabies,3,12,4,1
flab,19,4,0,17
chin,11,11,6,14
fighting,4,2,20,9
stricken,12,14,18,16
Viking,16,17,15,8
powder,7,0,1,5
lotion,12,24,1,1
smell,7,12,7,7
acceptance,8,10,23,8
speech,8,10,21,22
thank-yous,0,19,11,0
Charge,22,22,17,21
hymn,1,20,16,2
x,9,5,10,15
short-lived,7,5,9,1
Musician,14,6,6,18
Mahal,4,10,4,19
slinky,20,13,13,12
commander,16,22,3,8
Yorktown,13,16,14,9
1781,13,23,4,8
Palpatine,21,19,23,22
Ad,7,5,7,19
curl,5,1,7,7
Internet2,6,22,5,6
1964,24,1,12,2
Kind,14,12,1,17
Gutenberg,24,15,10,16
Bibles,13,21,18,3
limestone,15,15,1,17
deposit,2,18,15,21
rising,19,7,6,18
cave,2,6,2,17
itch,23,12,4,6
poison,12,14,1,7
ivy,12,7,7,7
Cid,16,10,19,5
cathedral,18,2,4,16
Anna,11,11,1,6
Anderson,22,12,5,2
czar,2,12,16,24
cake,22,12,7,7
Chronicles,10,7,20,14
bordering,3,10,4,9
due,18,2,22,16
rounded,19,1,15,24
matchbook,15,18,15,2
dolphin,0,14,0,1
villi,20,13,24,16
intestine,8,13,10,16
weaknesses,12,12,0,7
Lantern,5,21,4,1
Grenada,11,21,12,0
commodity,11,23,12,18
Sally,16,9,23,17
Dyke,17,19,15,15
punch-drunk,17,9,23,9
pugilist,16,8,13,15
Cauliflower,17,16,8,9
McPugg,19,17,11,9
reference,7,5,3,7
Queensland,9,15,19,15
Competition,18,16,10,4
Policy,4,19,19,19
Astroturf,17,4,11,19
W.B,0,0,7,10
Yeat,23,1,5,7
Hermits,11,22,9,1
UOL,5,5,5,11
shopping,9,15,19,3
mall,2,16,20,3
condemn,10,5,4,23
pushy,23,7,4,9
Canary,19,23,0,17
syzygy,12,22,22,1
Hong,22,11,1,24
Kong,11,11,12,17
hyperlink,12,22,7,23
worm,8,10,13,21
1980s,8,17,15,8
topic,3,5,5,10
outline,5,7,1,10
Pines,10,4,2,9
528,7,5,7,5
copier,7,21,22,1
eagle,2,2,18,12
patients,22,20,1,24
shipyard,5,11,1,10
inspector,3,14,9,22
Kilroy,0,3,4,11
designate,3,19,9,17
satisfactory,22,14,3,19
canker,12,5,24,20
sores,7,12,1,1
intranet,14,14,0,20
flush,7,13,24,7
DeFreeze,16,19,13,0
gaming,1,18,5,12
marbles,15,18,15,2
dominoes,11,18,5,24
sounded,22,1,9,6
So,22,12,1,17
Fine,2,21,15,14
Chiffons,19,21,1,2
Sky,0,23,13,8
Bella,11,12,1,6
Abzug,15,6,15,14
sartorial,15,12,12,24
legs,20,13,1,7
Hound,21,17,14,23
Daws,13,17,23,9
Janet,13,6,10,13
Jimi,24,18,20,17
Hendrix,19,1,0,19
village,15,20,6,17
Mancha,11,12,15,19
therapy,10,11,16,24
elicit,15,1,20,14
primal,15,23,16,17
scream,15,12,12,6
Blackhawk,7,14,24,11
1832,5,7,4,5
S.O.S,21,22,24,11
wedding,11,2,7,7
Fergie,7,0,21,16
Gestapo,13,19,17,3
neanderthal,20,0,24,7
Low,1,5,3,7
Countries,22,5,4,19
Taiwan,10,16,19,15
flights,17,11,13,8
binomial,14,22,24,5
coefficients,12,0,7,7
Annie,17,17,11,10
neurotic,17,9,23,9
Duane,16,17,11,13
cupboard,8,4,13,0
bare,21,16,10,0
Tunnel,10,5,22,16
administration,8,23,11,8
Suzette,21,0,14,0
assume,21,19,3,8
multitalented,17,17,10,23
Academy-award-winning,17,5,12,22
failed,13,23,21,15
motion-picture,13,8,8,23
portraying,15,1,15,14
cartoonist,24,6,16,2
Dubai,20,21,6,7
concrete,7,20,5,16
gin,15,18,1,2
trophy,11,15,20,0
DSL,11,7,15,12
M3,24,0,10,20
Manson,2,0,10,16
chromatology,19,11,13,11
BOC,13,20,18,8
luxury,15,23,20,17
liners,14,15,1,24
Cap,19,18,9,24
Trafalgar,15,6,12,0
Carmania,15,9,16,14
175,2,11,1,6
tons,11,18,16,3
tea,15,23,12,24
correspondent,8,8,23,4
Reuter,16,8,14,18
penalty,14,6,1,14
Avenue,22,11,20,18
Reading,22,15,2,15
Railroad,19,11,15,21
moxie,7,22,6,7
claws,11,13,13,13
pistol,7,17,10,7
acetylsalicylic,22,18,16,24
bloodhound,5,12,0,1
managing,8,17,14,8
Apricot,19,23,10,10
Arkansas,10,7,8,3
seashell,5,19,0,11
ear,23,0,7,7
CCT,22,3,0,21
diagram,12,22,3,1
nuclear-powered,11,12,16,6
Norwegian,11,11,12,17
Socratic,6,14,24,1
1830,11,6,16,2
soundtrack,19,23,12,2
amen,0,1,7,10
considering,18,7,10,15
climate,9,5,10,23
Swiss,23,16,10,3
Kilvington,6,6,0,11
slavery,7,22,24,7
redness,5,5,24,14
cheeks,5,14,1,7
blush,22,5,24,7
mythology,4,7,17,15
Mortgage,11,20,2,20
Lifter,2,18,16,17
earthquake,1,22,22,1
travelling,24,1,1,14
Charley,11,12,6,6
Fodor,15,6,5,17
scratch,7,14,1,7
Gregorian,13,21,18,16
Natchitoches,9,5,10,14
hormone,7,5,7,11
Tulip,24,24,21,24
Corsica,9,15,2,9
boats,11,14,7,1
edentulous,15,18,16,24
smile,15,11,1,15
quadruplets,20,6,12,16
left-handed,0,17,11,10
fool,13,17,13,0
oath,21,17,21,8
paradise,17,17,13,0
constitutes,15,9,15,17
somene,6,24,11,16
95,19,18,16,14
elephants,9,14,10,20
eels,9,2,19,9
Five,19,18,12,17
luggage,11,11,12,24
flier,22,12,20,21
goalie,10,7,21,23
permitted,3,19,19,23
1789,19,9,17,22
SED,5,3,24,11
Neither,22,23,23,10
borrower,13,19,23,22
nor,8,23,21,0
lender,8,10,21,23
spouting,7,5,24,5
newsmen,16,17,21,8
genie,17,16,21,0
conjured,21,17,21,9
Nancy,16,11,13,8
Chuck,19,23,11,23
exact,22,12,9,7
sunset,0,12,4,19
particular,12,22,3,7
Boris,15,3,20,17
Pasternak,15,11,5,17
Smithsonian,9,5,17,2
Leoncavallo,15,6,16,19
prologue,2,12,12,0
speaking,22,23,20,18
idle,7,7,7,5
believed,12,0,24,16
capture,14,12,1,0
Alexandre,16,9,14,13
Dumas,17,22,11,22
rhomboideus,12,7,14,12
minor,12,0,22,7
needs,4,10,2,3
Yousuf,13,22,11,8
Karsh,19,8,13,0
shiest,13,8,10,11
slime,2,11,15,14
assigned,21,6,16,14
Calypso,13,21,18,16
Grammys,18,8,12,3
WWF,1,5,6,7
wrestler,12,5,22,7
Rude,0,11,4,5
appointed,19,9,4,8
chair,19,11,17,0
Reserve,21,19,11,0
Isle,10,16,2,15
parasites,16,23,1,18
vending,7,21,4,7
Horlick,11,4,16,14
Vince,22,17,23,10
Lombardi,19,22,23,10
coaching,17,8,3,22
mathematician,8,17,17,10
Noble,0,22,2,10
Literature,17,17,17,8
past,8,17,2,0
MVP,8,17,1,10
circumnavigator,21,17,14,23
globe,18,17,4,23
Lizzie,11,12,7,5
Borden,5,22,4,5
fireplug,11,22,24,11
Lagos,9,5,19,15
hence,4,7,2,16
multicolored,0,19,15,0
cube,13,10,17,10
42.3,0,22,14,18
quintillion,21,8,17,18
potential,18,10,15,8
combinations,8,17,13,0
Saudi,18,7,22,3
Arabia,18,10,22,3
Montana,24,14,13,13
Bourbon,17,19,23,0
throne,16,19,21,0
abdication,16,19,14,9
Hope,23,21,7,5
bikini,6,1,0,7
bathing,0,1,1,7
suite,7,11,7,1
Percival,23,10,2,2
Lovell,2,5,10,14
concerning,3,7,2,16
custody,3,19,16,3
meerkat,5,0,24,20
kid,2,12,12,21
initial,7,16,24,4
identify,12,14,7,7
USSR,13,0,21,20
dissolved,20,14,1,24
Wile,10,19,18,14
Coyote,10,7,18,2
gallery,18,2,20,23
Westview,16,22,17,22
Funky,17,23,3,8
Winkerbean,16,8,15,9
Sellers,16,19,8,19
earns,13,10,15,15
hard,18,4,21,8
jerk,7,12,9,7
agricultural,24,1,6,17
dial,20,20,18,12
Pampas,17,11,10,8
limited,12,8,24,21
partnership,12,14,15,1
volley,6,14,0,1
cognac,13,16,12,13
G7,13,13,24,13
below,3,7,2,3
Cheerios,0,1,1,11
nihilist,5,22,5,11
Indonesia-Malaysia,15,22,15,14
7th,0,22,22,5
inning,0,0,6,11
conservationist,17,19,13,0
spokesperson,1,19,15,17
Post,1,11,23,8
Grape,17,16,14,23
Nuts,17,23,10,17
extended,1,3,7,7
Francis,10,15,2,16
hang,4,16,20,23
Mona,10,16,10,15
Lisa,2,2,20,15
Farmer,19,22,23,15
Almanac,18,17,13,10
tips,11,23,2,17
fireplace,15,18,2,0
pelvic,19,23,15,6
Styron,1,9,23,24
Madeira,18,18,4,9
classified,14,21,4,1
EENTY,14,12,16,12
hearts,24,0,11,15
octopus,18,8,18,12
Hinckley,1,5,7,5
Jodie,23,0,24,5
Foster,6,22,7,5
peasant,15,15,15,0
canonize,13,8,10,16
Freddy,7,0,9,7
Freeman,12,0,7,5
non-conformist,8,17,15,0
abstract,21,10,3,8
Dripper,16,16,17,8
ninjitsu,12,24,24,7
kung,1,1,24,1
fu,11,1,7,7
mascot,17,11,15,17
Notre,11,11,1,6
Dame,24,4,16,6
sensitive,15,23,1,17
Frenchman,17,16,14,0
necessary,8,23,3,8
Amish,0,22,7,20
Nasty,17,8,14,8
bog,5,5,7,11
Burkina,18,15,17,10
Faso,18,15,20,23
come-on,22,9,15,23
Buy,22,9,14,17
lavender,16,16,13,19
bovine,5,0,24,20
dummy,8,17,21,15
degree,22,8,3,8
Northwestern,8,16,14,8
arms,22,23,6,0
Harlow,2,12,12,19
1932,11,1,6,2
clitoridectomy,5,0,0,11
